희귀,분류,마신,스킬명(한섭),스킬명(한섭 시뮬),스킬명(일섭 시뮬),상위/하위 스킬,보유 말딸,보유 말딸(별명),최대,최소,특이사항,표준편차,시뮬 발동 구간,즉발,그룹,주행 속도,속도,가속,지구력,지속,스킬 Pt,각질,거리,경기장,예상 출시일
계승,속도,,,『I'm possible』,『I'm possible』,,시킹 더 펄,시펄,,,0.25 속도기로 간주 (선두와 2마신 이내),,200m,즉발,1,,0.25,,,3,200,,,,2024년 1월 9일
고유,속도,,,『I'm possible』,『I'm possible』,,시킹 더 펄,시펄,,,0.45 속도기로 간주 (선두와 2마신 이내),,200m,즉발,1,,0.45,,,5,,,,,2024년 1월 9일
계승,복합,,#LookatCurren,#LookatCurren,#LookatCurren,,카렌짱,카렌,,,,,50~65%구간,랜덤,2,,0.05,0.1,,3,200,,,,2022년 8월 10일
고유,복합,,#LookatCurren,#LookatCurren,#LookatCurren,,카렌짱,카렌,,,,,50~65%구간,랜덤,2,,0.25,0.3,,5,,,,,2022년 8월 10일
계승,속도,,∴win Q.E.D.,∴win Q.E.D.,∴win Q.E.D.,,비와 하야히데,비와,,,,,최종 코너,랜덤,3,,0.15,,,3,200,,,,2022년 7월 13일
고유,속도,,∴win Q.E.D.,∴win Q.E.D.,∴win Q.E.D.,,비와 하야히데,비와,,,,,최종 코너,랜덤,3,,0.35,,,5,,,,,2022년 7월 13일
계승,속도,,113전 114기,113전 114기,113転び114起き,,하루 우라라(신년),뉴라라,,,3.6초 지속으로 간주 (선두와 10마신 이상),,최종 코너,즉발,4,,0.05,,,3.6,200,,,,2023년 4월 21일
고유,속도,,113전 114기,113전 114기,113転び114起き,,하루 우라라(신년),뉴라라,,,6초 지속으로 간주 (선두와 10마신 이상),,최종 코너,즉발,4,,0.25,,,6,,,,,2023년 4월 21일
계승,속도,,"공주라면, 우승을 이 손에","공주라면, 우승을 이 손에",姫たるもの、勝利をこの手に,,카와카미 프린세스,카와카미,,,시뮬에선 최종 직선 즉발 (옆쪽 가로막힘 2초),,최종 직선,즉발,5,,0.15,,,3,200,,,,2023년 1월 30일
고유,속도,,"공주라면, 우승을 이 손에","공주라면, 우승을 이 손에",姫たるもの、勝利をこの手に,,카와카미 프린세스,카와카미,,,시뮬에선 최종 직선 즉발 (옆쪽 가로막힘 2초),,최종 직선,즉발,5,,0.35,,,5,,,,,2023년 1월 30일
계승,속도,,궁극 테이오 스텝,궁극 테이오 스텝,究極テイオーステップ,,토카이 테이오,테이오,,,,,최종 직선,즉발,6,,0.25,,,3,200,,,,2022년 6월 20일
고유,속도,,궁극 테이오 스텝,궁극 테이오 스텝,究極テイオーステップ,,토카이 테이오,테이오,,,,,최종 직선,즉발,6,,0.45,,,5,,,,,2022년 6월 20일
계승,속도,,"그대, 황제의 신위를 보라","그대, 황제의 신위를 보라",汝、皇帝の神威を見よ,,심볼리 루돌프,루돌프,,,,,최종 직선,즉발,7,,0.25,,,3,200,,,,2022년 6월 20일
고유,속도,,"그대, 황제의 신위를 보라","그대, 황제의 신위를 보라",汝、皇帝の神威を見よ,,심볼리 루돌프,루돌프,,,,,최종 직선,즉발,7,,0.45,,,5,,,,,2022년 6월 20일
계승,가속,,,"꽃봉오리, 피어날 때",つぼみ、ほころぶ時,,니시노 플라워,니시노,,,,,종반 최종 코너 후반 or 최종 직선,즉발,8,,,0.2,,2.4,200,,,,2023년 7월 31일
고유,가속,,,"꽃봉오리, 피어날 때",つぼみ、ほころぶ時,,니시노 플라워,니시노,,,,,종반 최종 코너 후반 or 최종 직선,즉발,8,,,0.4,,4,,,,,2023년 7월 31일
계승,속도,,,"꿈의 너머로, 전해져라!",夢の先へ、届け！,,위닝 티켓(스팀펑크),스팀펑크 티켓,,,0.15 속도기로 간주 (스킬 발동 2회),,최종 직선,즉발,9,,0.15,,,3.6,200,,,,2023년 12월 18일
고유,속도,,,"꿈의 너머로, 전해져라!",夢の先へ、届け！,,위닝 티켓(스팀펑크),스팀펑크 티켓,,,0.35 속도기로 간주 (스킬 발동 2회),,최종 직선,즉발,9,,0.35,,,6,,,,,2023년 12월 18일
계승,속도,,,너무 고귀해서 되살아날 것 같아!,萌到讓我活過來了！,,아그네스 디지털(할로윈),할지털,,,시뮬에선 중반 코너 즉발 (인접 3명),,중반 코너,즉발,10,,0.15,,,3,200,,,,2024년 1월 18일
고유,속도,,,너무 고귀해서 되살아날 것 같아!,萌到讓我活過來了！,,아그네스 디지털(할로윈),할지털,,,시뮬에선 중반 코너 즉발 (인접 3명),,중반 코너,즉발,10,,0.35,,,5,,,,,2024년 1월 18일
계승,속도,,,"눈에 비친 빛, 뒤쫓아서",ゆきあかり、おいかけて,,유키노 비진,비진,,,,,300m,즉발,11,,0.15,,,3,200,,,,2024년 1월 1일
고유,속도,,,"눈에 비친 빛, 뒤쫓아서",ゆきあかり、おいかけて,,유키노 비진,비진,,,,,300m,즉발,11,,0.35,,,5,,,,,2024년 1월 1일
계승,복합,,,당신에게 바치는 프리 포,あなたに捧げるフリーポア,,메지로 라이언(발렌타인),초코 라이언,,,속가 복합기로 간주 (중거리),,60~66%구간 내리막,즉발,12,,0.15,0.05,,2.4,200,,중거리,,2024년 5월 20일
고유,복합,,,당신에게 바치는 프리 포,あなたに捧げるフリーポア,,메지로 라이언(발렌타인),초코 라이언,,,속가 복합기로 간주 (중거리),,60~66%구간 내리막,즉발,12,,0.35,0.1,,4,,,중거리,,2024년 5월 20일
계승,속도,,당신을・뒤쫓아서,당신을・뒤쫓아서,アナタヲ・オイカケテ,,맨하탄 카페,카페,,,,,후반,즉발,13,,0.05,,,3.6,200,,,,2023년 2월 8일
고유,속도,,당신을・뒤쫓아서,당신을・뒤쫓아서,アナタヲ・オイカケテ,,맨하탄 카페,카페,,,,,후반,즉발,13,,0.25,,,6,,,,,2023년 2월 8일
계승,속도,,동경은 벚꽃을 넘는다!,동경은 벚꽃을 넘는다!,憧れは桜を越える！,,사쿠라 치요노 오,치요노,,,,,300m,즉발,14,,0.15,,,3,200,,,,2023년 5월 11일
고유,속도,,동경은 벚꽃을 넘는다!,동경은 벚꽃을 넘는다!,憧れは桜を越える！,,사쿠라 치요노 오,치요노,,,,,300m,즉발,14,,0.35,,,5,,,,,2023년 5월 11일
계승,속도,,,"들어라, 내 영혼의 검을!",掲げよ、己が魂の剣を！,,젠노 롭 로이,롭로이,,,"0.25 속도기로 간주 (G1, 인기순위 3 이하)",,400m,즉발,15,,0.25,,,3,200,,,,2024년 4월 1일
고유,속도,,,"들어라, 내 영혼의 검을!",掲げよ、己が魂の剣を！,,젠노 롭 로이,롭로이,,,"0.45 속도기로 간주 (G1, 인기순위 3 이하)",,400m,즉발,15,,0.45,,,5,,,,,2024년 4월 1일
계승,속도,,,등불,灯穂,,이나리 원(축제),불나리,,,0.1875 속도기로 간주하는듯? (추월 횟수 5회 이상),,최종 직선,즉발,16,,0.1875,,,3,200,,,,2024년 2월 16일
고유,속도,,,등불,灯穂,,이나리 원(축제),불나리,,,0.385 속도기로 간주 (추월 횟수 3회),,최종 직선,즉발,16,,0.385,,,5,,,,,2024년 2월 16일
계승,속도,,,디오스쿠로이의 유성,ディオスクロイの流星,,어드마이어 베가,아야베,,,0.25 속도기로 간주 (선두와 2마신 이상),,최종 직선,즉발,17,,0.25,,,3,200,,,,2023년 6월 7일
고유,속도,,,디오스쿠로이의 유성,ディオスクロイの流星,,어드마이어 베가,아야베,,,0.45 속도기로 간주 (선두와 2마신 이상),,최종 직선,즉발,17,,0.45,,,5,,,,,2023년 6월 7일
계승,복합,,,따돌리기 로드,ぶっちぎりロード,,메지로 파머,파머,,,,,후반,즉발,18,,0.05,,1.5,3.6,200,,,,2023년 9월 8일
고유,복합,,,따돌리기 로드,ぶっちぎりロード,,메지로 파머,파머,,,,,후반,즉발,18,,0.25,,5.5,6,,,,,2023년 9월 8일
계승,복합,,,"땅, 팟, 뭉",どんっ、パッ、むんっ,,마치카네 탄호이저,뭉뭉이,,,,,후반,즉발,19,,0.05,,1.5,3,200,,,,2023년 6월 15일
고유,복합,,,"땅, 팟, 뭉",どんっ、パッ、むんっ,,마치카네 탄호이저,뭉뭉이,,,,,후반,즉발,19,,0.25,,5.5,5,,,,,2023년 6월 15일
계승,가속,,레츠 아나볼릭!,레츠 아나볼릭!,レッツ・アナボリック！,,메지로 라이언,라이언,,,,,종반 코너,즉발,20,,,0.2,,2.4,200,,,,2022년 6월 20일
고유,가속,,레츠 아나볼릭!,레츠 아나볼릭!,レッツ・アナボリック！,,메지로 라이언,라이언,,,,,종반 코너,즉발,20,,,0.4,,4,,,,,2022년 6월 20일
계승,속도,,맞짱! 데드히트!,맞짱! 데드히트!,タイマン！デッドヒート！,,히시 아마존,히시아마,,,시뮬에선 최종 직선 랜덤. 실제론 최종 직선 즉발일듯?,,최종 직선,랜덤,21,,0.15,,,3,200,,,,2022년 10월 11일
고유,속도,,맞짱! 데드히트!,맞짱! 데드히트!,タイマン！デッドヒート！,,히시 아마존,히시아마,,,시뮬에선 최종 직선 랜덤. 실제론 최종 직선 즉발일듯?,,최종 직선,랜덤,21,,0.35,,,5,,,,,2022년 10월 11일
계승,속도,,뭉클하게♪Chu,뭉클하게♪Chu,グッときて♪Chu,,마루젠스키(수영복),수루젠,,,,,후반 지구력 회복,특수,22,,0.15,,,3,200,,,,2022년 11월 17일
고유,속도,,뭉클하게♪Chu,뭉클하게♪Chu,グッときて♪Chu,,마루젠스키(수영복),수루젠,,,,,후반 지구력 회복,특수,22,,0.35,,,5,,,,,2022년 11월 17일
계승,속도,,반드시 그 너머로…!,반드시 그 너머로…!,きっとその先へ…！,,나이스 네이처,네이처,,,시뮬에선 최종반 랜덤. 실제론 종반 및 최종반 랜덤일듯?,,최종반,랜덤,23,,0.15,,,3,200,,,,2022년 6월 20일
고유,속도,,반드시 그 너머로…!,반드시 그 너머로…!,きっとその先へ…！,,나이스 네이처,네이처,,,시뮬에선 최종반 랜덤. 실제론 종반 및 최종반 랜덤일듯?,,최종반,랜덤,23,,0.35,,,5,,,,,2022년 6월 20일
계승,복합,,반짝반짝☆STARDOM,반짝반짝☆STARDOM,キラキラ☆STARDOM,,스마트 팔콘,팔코,,,,,중반 직선,즉발,24,,0.05,0.1,,3,200,,,,2022년 8월 26일
고유,복합,,반짝반짝☆STARDOM,반짝반짝☆STARDOM,キラキラ☆STARDOM,,스마트 팔콘,팔코,,,,,중반 직선,즉발,24,,0.25,0.3,,5,,,,,2022년 8월 26일
계승,속도,,,"반짝이는 건 바다, 눈부신 건 그대",きらめくは海、まばゆきは君,,메지로 맥퀸(수영복),수맥퀸,,,,,후반,즉발,25,,0.035,,,3,200,,,,2023년 11월 17일
고유,속도,,,"반짝이는 건 바다, 눈부신 건 그대",きらめくは海、まばゆきは君,,메지로 맥퀸(수영복),수맥퀸,,,,,후반,즉발,25,,0.15,,,5,,,,,2023년 11월 17일
계승,속도,,반짝이는 별의 보드빌,반짝이는 별의 보드빌,煌星のヴォードヴィル,,후지 키세키,키세키,,,,,최종 직선,즉발,26,,0.25,,,3,200,,,,2022년 10월 31일
고유,속도,,반짝이는 별의 보드빌,반짝이는 별의 보드빌,煌星のヴォードヴィル,,후지 키세키,키세키,,,,,최종 직선,즉발,26,,0.45,,,5,,,,,2022년 10월 31일
계승,속도,,,받아가겠어☆스트렐리치아!,いただき☆ストレリチア！,,스윕 토쇼,스위삐,,,,,300m,즉발,27,,0.15,,,3.6,200,,,,2023년 10월 9일
고유,속도,,,받아가겠어☆스트렐리치아!,いただき☆ストレリチア！,,스윕 토쇼,스위삐,,,,,300m,즉발,27,,0.35,,,6,,,,,2023년 10월 9일
계승,복합,,번뜩임☆랜딩,번뜩임☆랜딩,ひらめき☆ランディング,,마야노 탑건,마야,,,시뮬에선 최종 코너 즉발 (옆쪽 가로막힘 2초),,최종 코너,즉발,28,,0.05,0.1,,3,200,,,,2022년 6월 20일
고유,복합,,번뜩임☆랜딩,번뜩임☆랜딩,ひらめき☆ランディング,,마야노 탑건,마야,,,시뮬에선 최종 코너 즉발 (옆쪽 가로막힘 2초),,최종 코너,즉발,28,,0.25,0.3,,5,,,,,2022년 6월 20일
계승,속도,,벼가 곧 무르익노라,벼가 곧 무르익노라,禾スナハチ登ル,,마치카네 후쿠키타루(풀아머),풀아머 복순이,,,시뮬에선 50~60% 랜덤 (자신이 추격 대상 2초),,50~60%구간,랜덤,29,,0.15,,,3,200,,,,2022년 12월 19일
고유,속도,,벼가 곧 무르익노라,벼가 곧 무르익노라,禾スナハチ登ル,,마치카네 후쿠키타루(풀아머),풀아머 복순이,,,시뮬에선 50~60% 랜덤 (자신이 추격 대상 2초),,50~60%구간,랜덤,29,,0.35,,,5,,,,,2022년 12월 19일
계승,속도,,,"벼랑 끄트머리에서, 광기를 비웃어라",剣ヶ峰より、狂気に嗤え,,나카야마 페스타,나카야마,,,0.25 속도기로 간주 (인기순위 4 이상),,400m,즉발,30,,0.25,,,3,200,,,,2024년 2월 28일
고유,속도,,,"벼랑 끄트머리에서, 광기를 비웃어라",剣ヶ峰より、狂気に嗤え,,나카야마 페스타,나카야마,,,0.45 속도기로 간주 (인기순위 4 이상),,400m,즉발,30,,0.45,,,5,,,,,2024년 2월 28일
계승,속도,,복을 베푸는 바르카롤,복을 베푸는 바르카롤,恵福バルカローレ,,티엠 오페라 오(신년),뉴페라,,,0.25 속도기로 간주 (스킬 발동 7개 이상),,400m,즉발,31,,0.25,,,2.4,200,,,,2023년 4월 21일
고유,속도,,복을 베푸는 바르카롤,복을 베푸는 바르카롤,恵福バルカローレ,,티엠 오페라 오(신년),뉴페라,,,0.45 속도기로 간주 (스킬 발동 7개 이상),,400m,즉발,31,,0.45,,,4,,,,,2023년 4월 21일
계승,속도,,,불벼락,火神鳴,,타마모 크로스(축제),축제 타마모,,,0.1 속도기로 간주 (스킬 발동 2회). 중반 회복기 2개로 시뮬.,,중반 스킬 2회,특수,32,,0.1,,,3.6,200,,,,2024년 2월 16일
고유,속도,,,불벼락,火神鳴,,타마모 크로스(축제),축제 타마모,,,0.3 속도기로 간주 (스킬 발동 2회). 중반 회복기 2개로 시뮬.,,중반 스킬 2회,특수,32,,0.3,,,6,,,,,2024년 2월 16일
계승,속도,,"불침함, 출항!","불침함, 출항!",不沈艦、抜錨ォッ！,,골드 쉽,고루시,,,,,후반,즉발,33,,0.05,,,3.6,200,,,,2022년 6월 20일
고유,속도,,"불침함, 출항!","불침함, 출항!",不沈艦、抜錨ォッ！,,골드 쉽,고루시,,,,,후반,즉발,33,,0.25,,,6,,,,,2022년 6월 20일
계승,복합,,브릴리언트 레드 에이스,브릴리언트 레드 에이스,ブリリアント・レッドエース,,다이와 스칼렛,다스카,,,시뮬에선 50~83% 랜덤 (선두 후방 1마신 이내 or 2위 추격 활성화),,50~83%구간,랜덤,34,,0.05,0.1,,3,200,,,,2022년 6월 20일
고유,복합,,브릴리언트 레드 에이스,브릴리언트 레드 에이스,ブリリアント・レッドエース,,다이와 스칼렛,다스카,,,시뮬에선 50~83% 랜덤 (선두 후방 1마신 이내 or 2위 추격 활성화),,50~83%구간,랜덤,34,,0.25,0.3,,5,,,,,2022년 6월 20일
계승,속도,,블레이즈 오브 프라이드,블레이즈 오브 프라이드,ブレイズ・オブ・プライド,,에어 그루브,동탄맘,,,,,최종 코너,랜덤,35,,0.15,,,3,200,,,,2022년 6월 20일
고유,속도,,블레이즈 오브 프라이드,블레이즈 오브 프라이드,ブレイズ・オブ・プライド,,에어 그루브,동탄맘,,,,,최종 코너,랜덤,35,,0.35,,,5,,,,,2022년 6월 20일
계승,속도,,블루 로즈 체이서,블루 로즈 체이서,ブルーローズチェイサー,,라이스 샤워,라이스,,,시뮬에선 최종 직선 랜덤. 실제론 최종 직선 즉발일듯?,,최종 직선,랜덤,36,,0.15,,,3,200,,,,2022년 6월 20일
고유,속도,,블루 로즈 체이서,블루 로즈 체이서,ブルーローズチェイサー,,라이스 샤워,라이스,,,시뮬에선 최종 직선 랜덤. 실제론 최종 직선 즉발일듯?,,최종 직선,랜덤,36,,0.35,,,5,,,,,2022년 6월 20일
계승,가속,,빅토리 샷!,빅토리 샷!,ヴィクトリーショット！,,타이키 셔틀,타이키,,,,,최종 코너 후반,즉발,37,,,0.2,,2.4,200,,,,2022년 6월 20일
고유,가속,,빅토리 샷!,빅토리 샷!,ヴィクトリーショット！,,타이키 셔틀,타이키,,,,,최종 코너 후반,즉발,37,,,0.4,,4,,,,,2022년 6월 20일
계승,속도,,빅토리아에게 바치는 무도,빅토리아에게 바치는 무도,ヴィットーリアに捧ぐ舞踏,,티엠 오페라 오,오페라,,,시뮬에선 최종 코너 랜덤. 실제론 최종 코너 및 직선 랜덤일듯?,,최종 코너,랜덤,38,,0.15,,,3,200,,,,2022년 6월 27일
고유,속도,,빅토리아에게 바치는 무도,빅토리아에게 바치는 무도,ヴィットーリアに捧ぐ舞踏,,티엠 오페라 오,오페라,,,시뮬에선 최종 코너 랜덤. 실제론 최종 코너 및 직선 랜덤일듯?,,최종 코너,랜덤,38,,0.35,,,5,,,,,2022년 6월 27일
계승,복합,,빙글빙글 머미 트릭♡,빙글빙글 머미 트릭♡,ぐるぐるマミートリック♡,,슈퍼 크릭(할로윈),할크릭,,,시뮬에선 최종 직선 즉발 (전방 1마신 이내),,최종 직선,즉발,39,,0.05,0.1,,3,200,,,,2023년 1월 18일
고유,복합,,빙글빙글 머미 트릭♡,빙글빙글 머미 트릭♡,ぐるぐるマミートリック♡,,슈퍼 크릭(할로윈),할크릭,,,시뮬에선 최종 직선 즉발 (전방 1마신 이내),,최종 직선,즉발,39,,0.25,0.3,,5,,,,,2023년 1월 18일
계승,가속,,,빛나는 바람,風光る,,야마닌 제퍼,캬루,,,0.07 가속기로 간주 (순위 2위),,최종 코너 후반,즉발,40,,,0.07,,4.8,200,,,,2024년 2월 7일
고유,가속,,,빛나는 바람,風光る,,야마닌 제퍼,캬루,,,0.2 가속기로 간주 (순위 2위),,최종 코너 후반,즉발,40,,,0.2,,8,,,,,2024년 2월 7일
계승,가속,,,빛나라☆토마코마이,かがやけ☆とまこまい,,홋코 타루마에,타루마에,,,0.07 가속기로 간주 (계승기에는 추가 효과 없음),,종반,즉발,41,,,0.07,,2.4,200,,더트,,2024년 4월 30일
고유,가속,,,빛나라☆토마코마이,かがやけ☆とまこまい,,홋코 타루마에,타루마에,,,0.4 가속기로 간주 (여력이 남아있음),,종반,즉발,41,,,0.4,,4,,,더트,,2024년 4월 30일
계승,속도,,선두의 경치는 양보할 수 없어…!,선두의 경치는 양보할 수 없어…!,先頭の景色は譲らない…！,,사일런스 스즈카,스즈카,,,,,후반,즉발,42,,0.15,,,3,200,,,,2022년 6월 20일
고유,속도,,선두의 경치는 양보할 수 없어…!,선두의 경치는 양보할 수 없어…!,先頭の景色は譲らない…！,,사일런스 스즈카,스즈카,,,,,후반,즉발,42,,0.35,,,5,,,,,2022년 6월 20일
계승,속도,,,설렘이 부르는 쪽으로,ときめきが呼ぶほうへ,,메지로 도베르(캠핑),캠핑 도베르,,,,,중반 60%~500m 내리막,즉발,43,,0.15,,,3,200,,,,2023년 10월 19일
고유,속도,,,설렘이 부르는 쪽으로,ときめきが呼ぶほうへ,,메지로 도베르(캠핑),캠핑 도베르,,,,,중반 60%~500m 내리막,즉발,43,,0.35,,,5,,,,,2023년 10월 19일
계승,복합,,슈팅 스타,슈팅 스타,シューティングスター,,스페셜 위크,스페,,,시뮬에선 종반 랜덤. 실제론 종반 및 최종반 랜덤일듯?,,종반,랜덤,44,,0.15,0.05,,3,200,,,,2022년 6월 20일
고유,복합,,슈팅 스타,슈팅 스타,シューティングスター,,스페셜 위크,스페,,,시뮬에선 종반 랜덤. 실제론 종반 및 최종반 랜덤일듯?,,종반,랜덤,44,,0.35,0.1,,5,,,,,2022년 6월 20일
계승,속도,,승리의 고동,승리의 고동,勝利の鼓動,,오구리 캡,오구리,,,,,200m,즉발,45,,0.25,,,3,200,,,,2022년 6월 20일
고유,속도,,승리의 고동,승리의 고동,勝利の鼓動,,오구리 캡,오구리,,,,,200m,즉발,45,,0.45,,,5,,,,,2022년 6월 20일
계승,속도,,승리의 티켓을 너에게!,승리의 티켓을 너에게!,勝利のチケットを、君にッ！,,위닝 티켓,티켓,,,시뮬에선 최종 직선 랜덤. 실제론 최종 직선 즉발일듯?,,최종 직선,랜덤,46,,0.15,,,3,200,,,,2022년 6월 20일
고유,속도,,승리의 티켓을 너에게!,승리의 티켓을 너에게!,勝利のチケットを、君にッ！,,위닝 티켓,티켓,,,시뮬에선 최종 직선 랜덤. 실제론 최종 직선 즉발일듯?,,최종 직선,랜덤,46,,0.35,,,5,,,,,2022년 6월 20일
계승,복합,,,"승리의 함성, 어기여차!",勝ち鬨ワッショイ！,,키타산 블랙,키타산,,,속가 복합기로 간주 (결승선 반대편 직선),,후반 3코너 or 종반 반대편 직선,즉발,47,,0.05,0.1,,3,200,,,,2023년 6월 15일
고유,복합,,,"승리의 함성, 어기여차!",勝ち鬨ワッショイ！,,키타산 블랙,키타산,,,속가 복합기로 간주 (결승선 반대편 직선),,후반 3코너 or 종반 반대편 직선,즉발,47,,0.25,0.3,,5,,,,,2023년 6월 15일
계승,속도,,,아름다운 화신풍,麗しき花信風,,메지로 브라이트,브라이트,,,,,후반,즉발,48,,0.035,,,3,200,,,,2023년 7월 7일
고유,속도,,,아름다운 화신풍,麗しき花信風,,메지로 브라이트,브라이트,,,,,후반,즉발,48,,0.15,,,5,,,,,2023년 7월 7일
계승,가속,,앵글링×스키밍,앵글링×스키밍,アングリング×スキーミング,,세이운 스카이,세이운,,,,,종반 코너,즉발,49,,,0.2,,2.4,200,,,,2022년 9월 28일
고유,가속,,앵글링×스키밍,앵글링×스키밍,アングリング×スキーミング,,세이운 스카이,세이운,,,,,종반 코너,즉발,49,,,0.4,,4,,,,,2022년 9월 28일
계승,속도,,,어둠을 비추는 영원한 반짝임,晦冥を照らせ永遠の耀き,,사토노 다이아몬드,다이아,,,0.25 속도기로 간주 (선두와 2마신 이하),,최종 직선,즉발,50,,0.25,,,3,200,,,,2023년 6월 26일
고유,속도,,,어둠을 비추는 영원한 반짝임,晦冥を照らせ永遠の耀き,,사토노 다이아몬드,다이아,,,0.45 속도기로 간주 (선두와 2마신 이하),,최종 직선,즉발,50,,0.45,,,5,,,,,2023년 6월 26일
계승,속도,,어스름이 물러서는 떠들썩한 화살,어스름이 물러서는 떠들썩한 화살,翳り退く、さざめきの矢,,심볼리 루돌프(축제),한조 루돌프,,,시뮬에선 최종 코너 즉발 (자신이 추격 대상 2초),,최종 코너,즉발,51,,0.15,,,3,200,,,,2023년 2월 16일
고유,속도,,어스름이 물러서는 떠들썩한 화살,어스름이 물러서는 떠들썩한 화살,翳り退く、さざめきの矢,,심볼리 루돌프(축제),한조 루돌프,,,시뮬에선 최종 코너 즉발 (자신이 추격 대상 2초),,최종 코너,즉발,51,,0.35,,,5,,,,,2023년 2월 16일
계승,속도,,,"열화요란, 무적의 춤",烈火繚乱、無敵之舞,,야에노 무테키,무테키,,,,,300m,즉발,52,,0.15,,,3,200,,,,2023년 8월 8일
고유,속도,,,"열화요란, 무적의 춤",烈火繚乱、無敵之舞,,야에노 무테키,무테키,,,,,300m,즉발,52,,0.35,,,5,,,,,2023년 8월 8일
계승,복합,,오퍼레이션・Cacao,오퍼레이션・Cacao,オペレーション・Cacao,,미호노 부르봉(발렌타인),초코봉,,,,,중반 코너,즉발,53,,0.15,,0.35,3,200,,,,2023년 5월 19일
고유,복합,,오퍼레이션・Cacao,오퍼레이션・Cacao,オペレーション・Cacao,,미호노 부르봉(발렌타인),초코봉,,,,,중반 코너,즉발,53,,0.35,,1.5,5,,,,,2023년 5월 19일
계승,속도,,,올려 올려 푸쳐핸섭!,アゲてアゲてぷちょへんざ！,,다이타쿠 헬리오스,헬리오스,,,3.6초 지속으로 간주 (단거리/마일),,중반의 후반,랜덤,54,,0.05,,,3.6,200,,단거리/마일,,2024년 5월 10일
고유,속도,,,올려 올려 푸쳐핸섭!,アゲてアゲてぷちょへんざ！,,다이타쿠 헬리오스,헬리오스,,,6초 지속으로 간주 (단거리/마일),,중반의 후반,랜덤,54,,0.25,,,6,,,단거리/마일,,2024년 5월 10일
계승,복합,,옵니다 오고 있습니다 오게 할 겁니다!,옵니다 오고 있습니다 오게 할 겁니다!,来ます来てます来させます！,,마치카네 후쿠키타루,복순이,,,시뮬에선 종반 랜덤. 실제론 종반 및 최종반 랜덤일듯?,,종반,랜덤,55,,0.15,0.05,,3,200,,,,2022년 6월 20일
고유,복합,,옵니다 오고 있습니다 오게 할 겁니다!,옵니다 오고 있습니다 오게 할 겁니다!,来ます来てます来させます！,,마치카네 후쿠키타루,복순이,,,시뮬에선 종반 랜덤. 실제론 종반 및 최종반 랜덤일듯?,,종반,랜덤,55,,0.35,0.1,,5,,,,,2022년 6월 20일
계승,속도,,우등생×돌진=대승리!,우등생×돌진=대승리!,優等生×バクシン＝大勝利ッ,,사쿠라 바쿠신 오,박신,,,시뮬에선 50~83% 구간 랜덤,,50~83%구간,랜덤,56,,0.15,,,3,200,,,,2022년 6월 20일
고유,속도,,우등생×돌진=대승리!,우등생×돌진=대승리!,優等生×バクシン＝大勝利ッ,,사쿠라 바쿠신 오,박신,,,시뮬에선 50~83% 구간 랜덤,,50~83%구간,랜덤,56,,0.35,,,5,,,,,2022년 6월 20일
계승,속도,,,운을 열어젖혀 날아오르리,理運開かりて翔る,,코파노 리키,릿키,,,,,중반의 후반,랜덤,57,,0.05,,,3,200,,,,2023년 12월 8일
고유,복합,,,운을 열어젖혀 날아오르리(3~4),理運開かりて翔る(3~4),,코파노 리키,릿키,,,스태미나 패시브 3개로 시뮬,,중반의 후반,특수,57,,0.3,0.05,,5,,,,,2023년 12월 8일
고유,복합,,,운을 열어젖혀 날아오르리(5),理運開かりて翔る(5),,코파노 리키,릿키,,,"스태미나 패시브 4개, 날씨○ 로 시뮬",,중반의 후반,특수,57,,0.35,0.1,,5,,,,,2023년 12월 8일
고유,복합,,,운을 열어젖혀 날아오르리(6),理運開かりて翔る(6),,코파노 리키,릿키,,,"스태미나 패시브 4개, 날씨○, 집중마크○ 로 시뮬",,중반의 후반,특수,57,,0.4,0.15,,5,,,,,2023년 12월 8일
고유,속도,,,운을 열어젖혀 날아오르리(0~2),理運開かりて翔る(0~2),,코파노 리키,릿키,,,,,중반의 후반,특수,57,,0.25,,,5,,,,,2023년 12월 8일
고유,속도,,,운을 열어젖혀 날아오르리,理運開かりて翔る,,코파노 리키,릿키,,,,,중반의 후반,특수,57,,0.25,,,5,,,,,2023년 12월 8일
계승,가속,,,울려퍼져라! 트레센 응원단!!,轟！トレセン応援団！！,,킹 헤일로(치어리더),응원킹,,,,,최종 직선,즉발,58,,,0.2,,2.4,200,,,,2023년 8월 17일
고유,가속,,,울려퍼져라! 트레센 응원단!!,轟！トレセン応援団！！,,킹 헤일로(치어리더),응원킹,,,,,최종 직선,즉발,58,,,0.4,,4,,,,,2023년 8월 17일
계승,속도,,,"위풍당당, 아름다운 꿈!",威風堂々、夢錦！,,스페셜 위크(총대장),총스페,,,0.25 속도기로 간주 (나카야마). 두근두근 클라이맥스로 시뮬.,,종반 최종 코너 스킬 1회,특수,59,,0.25,,,3,200,,,나카야마,2023년 11월 8일
고유,속도,,,"위풍당당, 아름다운 꿈!",威風堂々、夢錦！,,스페셜 위크(총대장),총스페,,,0.45 속도기로 간주 (나카야마). 두근두근 클라이맥스로 시뮬.,,종반 최종 코너 스킬 1회,특수,59,,0.45,,,5,,,,나카야마,2023년 11월 8일
계승,복합,,"일생의 꿈, 찰나의 비상","일생의 꿈, 찰나의 비상",一期の夢、刹那の飛翔,,메지로 아르당,아르당,,,,,최종 직선,즉발,60,,0.25,,-1,2.4,200,,,,2023년 5월 30일
고유,복합,,"일생의 꿈, 찰나의 비상","일생의 꿈, 찰나의 비상",一期の夢、刹那の飛翔,,메지로 아르당,아르당,,,,,최종 직선,즉발,60,,0.45,,-1,4,,,,,2023년 5월 30일
계승,가속,,"저편, 그 너머로…","저편, 그 너머로…",彼方、その先へ…,,메지로 도베르,도베르,,,,,최종 코너 or 종반 코너,즉발,61,,,0.2,,2.4,200,,,,2023년 3월 10일
고유,가속,,"저편, 그 너머로…","저편, 그 너머로…",彼方、その先へ…,,메지로 도베르,도베르,,,,,최종 코너 or 종반 코너,즉발,61,,,0.4,,4,,,,,2023년 3월 10일
계승,속도,,"절대는, 나야","절대는, 나야",絶対は、ボクだ,,토카이 테이오(애니),불닭 테이오,,,시뮬에선 최종 직선 랜덤. 실제론 최종 직선 즉발일듯?,,최종 직선,랜덤,62,,0.25,,,3,200,,,,2022년 7월 25일
고유,속도,,"절대는, 나야","절대는, 나야",絶対は、ボクだ,,토카이 테이오(애니),불닭 테이오,,,시뮬에선 최종 직선 랜덤. 실제론 최종 직선 즉발일듯?,,최종 직선,랜덤,62,,0.45,,,5,,,,,2022년 7월 25일
계승,속도,,정신일도 하사불성,정신일도 하사불성,精神一到何事か成らざらん,,그래스 원더,그래스,,,,,최종 직선,랜덤,63,,0.15,,,3,200,,,,2022년 6월 20일
고유,속도,,정신일도 하사불성,정신일도 하사불성,精神一到何事か成らざらん,,그래스 원더,그래스,,,,,최종 직선,랜덤,63,,0.35,,,5,,,,,2022년 6월 20일
계승,속도,,존귀☆라스트 스퍼—(ﾟ∀ﾟ)—트!,존귀☆라스트 스퍼—(ﾟ∀ﾟ)—트!,尊み☆ﾗｽﾄｽﾊﾟ━━(ﾟ∀ﾟ)━━ﾄ!,,아그네스 디지털,디지털,,,시뮬에선 종반 랜덤. 실제론 종반 및 최종반 랜덤일듯?,,종반,랜덤,64,,0.15,,,3,200,,,,2023년 1월 9일
고유,속도,,존귀☆라스트 스퍼—(ﾟ∀ﾟ)—트!,존귀☆라스트 스퍼—(ﾟ∀ﾟ)—트!,尊み☆ﾗｽﾄｽﾊﾟ━━(ﾟ∀ﾟ)━━ﾄ!,,아그네스 디지털,디지털,,,시뮬에선 종반 랜덤. 실제론 종반 및 최종반 랜덤일듯?,,종반,랜덤,64,,0.35,,,5,,,,,2023년 1월 9일
계승,속도,,존귀한 사명을 완수하기 위하여,존귀한 사명을 완수하기 위하여,貴顕の使命を果たすべく,,메지로 맥퀸,맥퀸,,,,,최종 코너,즉발,65,,0.15,,,3,200,,,,2022년 6월 20일
고유,속도,,존귀한 사명을 완수하기 위하여,존귀한 사명을 완수하기 위하여,貴顕の使命を果たすべく,,메지로 맥퀸,맥퀸,,,,,최종 코너,즉발,65,,0.35,,,5,,,,,2022년 6월 20일
계승,속도,,,차지 완료! 전속 전진!,チャージ完了！全速前進！,,아이네스 후진,후진,,,,,300m 오르막 끝,즉발,66,,0.25,,,3,200,,,,2023년 8월 29일
고유,속도,,,차지 완료! 전속 전진!,チャージ完了！全速前進！,,아이네스 후진,후진,,,0.45 속도기로 간주 (도쿄 경기장),,300m 오르막 끝,즉발,66,,0.45,,,5,,,,,2023년 8월 29일
계승,속도,,최강의 이름을 걸고,최강의 이름을 걸고,最強の名を懸けて,,메지로 맥퀸(애니),빙닭 맥퀸,,,시뮬에선 최종 직선 랜덤. 실제론 최종 코너 랜덤일듯?,,최종 직선,랜덤,67,,0.15,,,3.6,200,,,,2022년 7월 25일
고유,속도,,최강의 이름을 걸고,최강의 이름을 걸고,最強の名を懸けて,,메지로 맥퀸(애니),빙닭 맥퀸,,,시뮬에선 최종 직선 랜덤. 실제론 최종 코너 랜덤일듯?,,최종 직선,랜덤,67,,0.35,,,6,,,,,2022년 7월 25일
계승,속도,,커팅×DRIVE!,커팅×DRIVE!,カッティング×DRIVE！,,보드카,보드카,,,,,200m,즉발,68,,0.15,,,3,200,,,,2022년 6월 20일
고유,속도,,커팅×DRIVE!,커팅×DRIVE!,カッティング×DRIVE！,,보드카,보드카,,,,,200m,즉발,68,,0.35,,,5,,,,,2022년 6월 20일
계승,가속,,콘도르 맹격파,콘도르 맹격파,コンドル猛撃波,,엘 콘도르 파사(판타지),파닭 엘,,,,,최종 코너,랜덤,69,,,0.2,,2.4,200,,,,2022년 10월 18일
고유,가속,,콘도르 맹격파,콘도르 맹격파,コンドル猛撃波,,엘 콘도르 파사(판타지),파닭 엘,,,,,최종 코너,랜덤,69,,,0.4,,4,,,,,2022년 10월 18일
계승,속도,,,"쾌주로다, 쾌주로다!",快走かな、快走かな！,,이나리 원,이나리,,,시뮬에선 최종 직선 랜덤 (추격 경쟁 1회 이상),,최종 직선,랜덤,70,,0.25,,,3,200,,,,2023년 9월 29일
고유,속도,,,"쾌주로다, 쾌주로다!",快走かな、快走かな！,,이나리 원,이나리,,,시뮬에선 최종 직선 랜덤 (추격 경쟁 1회 이상),,최종 직선,랜덤,70,,0.45,,,5,,,,,2023년 9월 29일
계승,복합,,크리스마스 이브의 미라클 런!,크리스마스 이브의 미라클 런!,聖夜のミラクルラン！,,오구리 캡(크리스마스),클구리,,,,,후반 지구력 회복 3회,특수,71,,0.05,0.1,0.5,3,200,,,,2023년 3월 20일
계승,복합,,크리스마스 이브의 미라클 런!(777),크리스마스 이브의 미라클 런!(777),聖夜のミラクルラン！(777),,오구리 캡(크리스마스),클구리,,,,,후반 지구력 회복 3회,특수,71,,0.05,0.1,0.5,3,200,,,,2023년 3월 20일
계승,복합,,크리스마스 이브의 미라클 런!(U=ma2),크리스마스 이브의 미라클 런!(U=ma2),聖夜のミラクルラン！(U=ma2),,오구리 캡(크리스마스),클구리,,,,,후반 지구력 회복 3회,특수,71,,0.05,0.1,0.5,3,200,,,,2023년 3월 20일
계승,복합,,크리스마스 이브의 미라클 런!(두근두근),크리스마스 이브의 미라클 런!(두근두근),聖夜のミラクルラン！(ワクワク),,오구리 캡(크리스마스),클구리,,,,,후반 지구력 회복 3회,특수,71,,0.05,0.1,0.5,3,200,,,,2023년 3월 20일
계승,복합,,크리스마스 이브의 미라클 런!(하굣길),크리스마스 이브의 미라클 런!(하굣길),聖夜のミラクルラン！(下校),,오구리 캡(크리스마스),클구리,,,,,후반 지구력 회복 3회,특수,71,,0.05,0.1,0.5,3,200,추입,,,2023년 3월 20일
계승,복합,,크리스마스 이브의 미라클 런!(말괄량이),크리스마스 이브의 미라클 런!(말괄량이),聖夜のミラクルラン！(じゃじゃウマ),,오구리 캡(크리스마스),클구리,,,,,후반 지구력 회복 3회,특수,71,,0.05,0.1,0.5,3,200,도주,,,2023년 3월 20일
고유,복합,,크리스마스 이브의 미라클 런!,크리스마스 이브의 미라클 런!,聖夜のミラクルラン！,,오구리 캡(크리스마스),클구리,,,,,후반 지구력 회복 3회,특수,71,,0.25,0.3,3.5,5,,,,,2023년 3월 20일
고유,복합,,크리스마스 이브의 미라클 런!(777),크리스마스 이브의 미라클 런!(777),聖夜のミラクルラン！(777),,오구리 캡(크리스마스),클구리,,,,,후반 지구력 회복 3회,특수,71,,0.25,0.3,3.5,5,,,,,2023년 3월 20일
고유,복합,,크리스마스 이브의 미라클 런!(U=ma2),크리스마스 이브의 미라클 런!(U=ma2),聖夜のミラクルラン！(U=ma2),,오구리 캡(크리스마스),클구리,,,,,후반 지구력 회복 3회,특수,71,,0.25,0.3,3.5,5,,,,,2023년 3월 20일
고유,복합,,크리스마스 이브의 미라클 런!(두근두근),크리스마스 이브의 미라클 런!(두근두근),聖夜のミラクルラン！(ワクワク),,오구리 캡(크리스마스),클구리,,,,,후반 지구력 회복 3회,특수,71,,0.25,0.3,3.5,5,,,,,2023년 3월 20일
고유,복합,,크리스마스 이브의 미라클 런!(하굣길),크리스마스 이브의 미라클 런!(하굣길),聖夜のミラクルラン！(下校),,오구리 캡(크리스마스),클구리,,,,,후반 지구력 회복 3회,특수,71,,0.25,0.3,3.5,5,,추입,,,2023년 3월 20일
고유,복합,,크리스마스 이브의 미라클 런!(말괄량이),크리스마스 이브의 미라클 런!(말괄량이),聖夜のミラクルラン！(じゃじゃウマ),,오구리 캡(크리스마스),클구리,,,,,후반 지구력 회복 3회,특수,71,,0.25,0.3,3.5,5,,도주,,,2023년 3월 20일
계승,복합,,,프레시☆팔러,フレッシュ☆パーラー,,아이네스 후진(발렌타인),초코후진,,,,,중반의 전반,랜덤,72,,0.05,,0.5,3.6,200,,,,2024년 5월 20일
고유,복합,,,프레시☆팔러,フレッシュ☆パーラー,,아이네스 후진(발렌타인),초코후진,,,,,중반의 전반,랜덤,72,,0.25,,3.5,6,,,,,2024년 5월 20일
계승,속도,,플라워리☆머누버(전방),플라워리☆머누버(전방),フラワリー☆マニューバ(前),,마야노 탑건(웨딩),웨딩 마야,,,,,최종 코너,랜덤,73,,0.15,,,3,200,,,,2022년 9월 15일
고유,속도,,플라워리☆머누버(전방),플라워리☆머누버(전방),フラワリー☆マニューバ(前),,마야노 탑건(웨딩),웨딩 마야,,,,,최종 코너,랜덤,73,,0.35,,,5,,,,,2022년 9월 15일
계승,가속,,플라워리☆머누버(후방),플라워리☆머누버(후방),フラワリー☆マニューバ(後),,마야노 탑건(웨딩),웨딩 마야,,,,,최종 코너,랜덤,74,,,0.2,,2.4,200,,,,2022년 9월 15일
고유,가속,,플라워리☆머누버(후방),플라워리☆머누버(후방),フラワリー☆マニューバ(後),,마야노 탑건(웨딩),웨딩 마야,,,,,최종 코너,랜덤,74,,,0.4,,4,,,,,2022년 9월 15일
계승,복합,,플란차☆가나도르,플란차☆가나도르,プランチャ☆ガナドール,,엘 콘도르 파사,엘,,,,,최종 직선,즉발,75,,0.05,0.1,,3,200,,,,2022년 6월 20일
고유,복합,,플란차☆가나도르,플란차☆가나도르,プランチャ☆ガナドール,,엘 콘도르 파사,엘,,,,,최종 직선,즉발,75,,0.25,0.3,,5,,,,,2022년 6월 20일
계승,복합,,"하얀 번개, 보여 주꾸마!","하얀 번개, 보여 주꾸마!",白い稲妻、見せたるで！,,타마모 크로스,타마모,,,시뮬에선 후반 직선 즉발 (추격 활성화),,후반 직선,즉발,76,,0.15,0.05,,3,200,,,,2023년 4월 12일
고유,복합,,"하얀 번개, 보여 주꾸마!","하얀 번개, 보여 주꾸마!",白い稲妻、見せたるで！,,타마모 크로스,타마모,,,시뮬에선 후반 직선 즉발 (추격 활성화),,후반 직선,즉발,76,,0.35,0.1,,5,,,,,2023년 4월 12일
계승,복합,,,"현운을 흩뜨리는, 황금의 첫 화살",玄雲散らす、黄金甲矢,,사토노 다이아몬드(신년),신년 다이아,,,,,40%구간,즉발,77,,0.15,,0.5,3,200,,,,2024년 4월 18일
고유,복합,,,"현운을 흩뜨리는, 황금의 첫 화살",玄雲散らす、黄金甲矢,,사토노 다이아몬드(신년),신년 다이아,,,,,40%구간,즉발,77,,0.35,,3.5,5,,,,,2024년 4월 18일
계승,가속,,홍염 기어/LP1211-M,홍염 기어/LP1211-M,紅焔ギア/LP1211-M,,마루젠스키,마루젠,,,늦홍염은 계산 불가능,,최종 코너,즉발,78,,,0.2,,2.4,200,,,,2022년 6월 20일
고유,가속,,홍염 기어/LP1211-M,홍염 기어/LP1211-M,紅焔ギア/LP1211-M,,마루젠스키,마루젠,,,늦홍염은 계산 불가능,,최종 코너,즉발,78,,,0.4,,4,,,,,2022년 6월 20일
계승,속도,,,회색 임계점,灰色の臨界点,,나리타 브라이언(Blaze),겜리브,,,0.15 속도기로 간주 (계승기에는 추가 효과 없음),,종반 최종 코너 후반,즉발,79,,0.15,,,3,200,,장거리,,2024년 4월 9일
고유,속도,,,회색 임계점,灰色の臨界点,,나리타 브라이언(Blaze),겜리브,,,0.55 속도기로 간주 (장거리),,종반 최종 코너 후반,즉발,79,,0.55,,,5,,,장거리,,2024년 4월 9일
계승,속도,,"훈풍, 영원한 순간을","훈풍, 영원한 순간을",薫風、永遠なる瞬間を,,에어 그루브(웨딩),웨딩 동탄맘,,,,,중반,랜덤,80,,0.15,,,3,200,,,,2022년 9월 15일
고유,속도,,"훈풍, 영원한 순간을","훈풍, 영원한 순간을",薫風、永遠なる瞬間を,,에어 그루브(웨딩),웨딩 동탄맘,,,,,중반,랜덤,80,,0.35,,,5,,,,,2022년 9월 15일
계승,복합,,,훌륭한 진수성찬!,あっぱれ大盤振る舞い！,,키타산 블랙(신년),떡타산,,,,,종반 코너,즉발,81,0.15,,0.05,,2.4,200,,,,2024년 4월 18일
고유,복합,,,훌륭한 진수성찬!,あっぱれ大盤振る舞い！,,키타산 블랙(신년),떡타산,,,,,종반 코너,즉발,81,0.35,,0.1,,4,,,,,2024년 4월 18일
계승,복합,,,Best day ever,Best day ever,,파인 모션(웨딩),웨딩 파인,,,속가 복합기로 간주 (남은거리 400m 이상),,종반 최종 코너,즉발,82,,0.15,0.05,,3,200,,,,2023년 9월 18일
고유,복합,,,Best day ever,Best day ever,,파인 모션(웨딩),웨딩 파인,,,속가 복합기로 간주 (남은거리 400m 이상),,종반 최종 코너,즉발,82,,0.35,0.1,,5,,,,,2023년 9월 18일
계승,복합,,,Ding Dong Boo,Ding Dong Boo,,신코 윈디,윈디,,,속가 복합기로 간주 (더트) 시뮬에선 최종 직선 랜덤 (추격 경쟁 1회 이상),,최종 직선,랜덤,83,,0.05,0.2,,3,200,,더트,,2024년 6월 3일
고유,복합,,,Ding Dong Boo,Ding Dong Boo,,신코 윈디,윈디,,,속가 복합기로 간주 (더트) 시뮬에선 최종 직선 랜덤 (추격 경쟁 1회 이상),,최종 직선,랜덤,83,,0.25,0.4,,5,,,더트,,2024년 6월 3일
계승,복합,,,Do Ya Breakin!,Do Ya Breakin!,,세이운 스카이(무도회),댄싱운,,,속가 복합기로 간주 (결승선 반대편 직선),,종반 직선,즉발,84,,0.15,0.05,,3,200,,,,2023년 7월 18일
고유,복합,,,Do Ya Breakin!,Do Ya Breakin!,,세이운 스카이(무도회),댄싱운,,,속가 복합기로 간주 (결승선 반대편 직선),,종반 직선,즉발,84,,0.35,0.1,,5,,,,,2023년 7월 18일
계승,속도,,Fairy tale,Fairy tale,Fairy tale,,파인 모션,파인,,,시뮬에선 50~83% 구간 랜덤,,50~83%구간,랜덤,85,,0.15,,,3,200,,,,2023년 4월 4일
고유,속도,,Fairy tale,Fairy tale,Fairy tale,,파인 모션,파인,,,시뮬에선 50~83% 구간 랜덤,,50~83%구간,랜덤,85,,0.35,,,5,,,,,2023년 4월 4일
계승,속도,,G00 1st.F∞;,G00 1st.F∞;,G00 1st.F∞;,,미호노 부르봉,부르봉,,,,,최종 직선,즉발,86,,0.15,,,3,200,,,,2022년 7월 4일
고유,속도,,G00 1st.F∞;,G00 1st.F∞;,G00 1st.F∞;,,미호노 부르봉,부르봉,,,,,최종 직선,즉발,86,,0.35,,,5,,,,,2022년 7월 4일
계승,복합,,GET DOWN,GET DOWN,GET DOWN,,골드 시티(축제),가을 시티,,,시뮬에선 최종 코너 즉발 (옆쪽 가로막힘 2초),,최종 코너,즉발,87,,0.05,0.1,,3,200,,,,2023년 2월 16일
고유,복합,,GET DOWN,GET DOWN,GET DOWN,,골드 시티(축제),가을 시티,,,시뮬에선 최종 코너 즉발 (옆쪽 가로막힘 2초),,최종 코너,즉발,87,,0.25,0.3,,5,,,,,2023년 2월 16일
계승,속도,,,Go☆Go☆for it!,Go☆Go☆for it!,,나이스 네이처(치어리더),치어 네짱,,,3.6초 지속으로 간주 (인기순위 4 이상),,최종 직선,즉발,88,,0.15,,,3.6,200,,,,2023년 8월 17일
고유,속도,,,Go☆Go☆for it!,Go☆Go☆for it!,,나이스 네이처(치어리더),치어 네짱,,,6초 지속으로 간주 (인기순위 4 이상),,최종 직선,즉발,88,,0.35,,,6,,,,,2023년 8월 17일
계승,속도,,Guten Appetit♪,Guten Appetit♪,Guten Appetit♪,,에이신 플래시(발렌타인),초코신,,,,,최종 직선,즉발,89,,0.15,,,3.6,200,,,,2023년 5월 19일
고유,속도,,Guten Appetit♪,Guten Appetit♪,Guten Appetit♪,,에이신 플래시(발렌타인),초코신,,,,,최종 직선,즉발,89,,0.35,,,6,,,,,2023년 5월 19일
계승,속도,,,Hephaistos,Hephaistos,,나리타 타이신(스팀펑크),스팀펑크 타이신,,,,,최종 코너 후반,즉발,90,,0.15,,,3,200,,,,2023년 12월 18일
고유,속도,,,Hephaistos,Hephaistos,,나리타 타이신(스팀펑크),스팀펑크 타이신,,,,,최종 코너 후반,즉발,90,,0.35,,,5,,,,,2023년 12월 18일
계승,복합,,I Never Goof Up!,I Never Goof Up!,I Never Goof Up!,,메이쇼 도토,도토,,,,,종반 이후 코너,랜덤,91,,0.05,0.1,,3,200,,,,2022년 11월 30일
고유,복합,,I Never Goof Up!,I Never Goof Up!,I Never Goof Up!,,메이쇼 도토,도토,,,,,종반 이후 코너,랜덤,91,,0.25,0.3,,5,,,,,2022년 11월 30일
계승,복합,,I'M☆FULL☆SPEED!!,I'M☆FULL☆SPEED!!,I'M☆FULL☆SPEED!!,,히시 아케보노,보노,,,,,"45~60%구간, 스태미너 70%",즉발,92,,0.05,0.1,,3,200,,,,2022년 12월 30일
고유,복합,,I'M☆FULL☆SPEED!!,I'M☆FULL☆SPEED!!,I'M☆FULL☆SPEED!!,,히시 아케보노,보노,,,,,"45~60%구간, 스태미너 70%",즉발,92,,0.25,0.3,,5,,,,,2022년 12월 30일
계승,복합,,,Into High Gear!,Into High Gear!,,보드카(크리스마스),클드카,,,속가 복합기로 간주 (도쿄 경기장),,중반 이후 내리막 끝,즉발,93,,0.15,0.05,,3,200,,,,2024년 3월 18일
고유,복합,,,Into High Gear!,Into High Gear!,,보드카(크리스마스),클드카,,,속가 복합기로 간주 (도쿄 경기장),,중반 이후 내리막 끝,즉발,93,,0.35,0.1,,5,,,,,2024년 3월 18일
계승,속도,,,Joyful Voyage!,Joyful Voyage!,,타이키 셔틀(캠핑),캠핑 타이키,,,,,200m,즉발,94,0.035,0.15,,,3,200,,,,2023년 10월 19일
고유,속도,,,Joyful Voyage!,Joyful Voyage!,,타이키 셔틀(캠핑),캠핑 타이키,,,,,200m,즉발,94,0.15,0.35,,,5,,,,,2023년 10월 19일
계승,가속,,KEEP IT REAL.,KEEP IT REAL.,KEEP IT REAL.,,골드 시티,시티,,,시뮬에선 후반 즉발 (추격 활성화),,후반,즉발,95,,,0.1,,3.6,200,,,,2022년 11월 8일
고유,가속,,KEEP IT REAL.,KEEP IT REAL.,KEEP IT REAL.,,골드 시티,시티,,,시뮬에선 후반 즉발 (추격 활성화),,후반,즉발,95,,,0.3,,6,,,,,2022년 11월 8일
계승,속도,,Nemesis,Nemesis,Nemesis,,나리타 타이신,타이신,,,시뮬에선 최종 코너 랜덤. 실제론 최종 코너 및 직선 랜덤일듯?,,최종 코너,랜덤,96,,0.15,,,3,200,,,,2022년 8월 18일
고유,속도,,Nemesis,Nemesis,Nemesis,,나리타 타이신,타이신,,,시뮬에선 최종 코너 랜덤. 실제론 최종 코너 및 직선 랜덤일듯?,,최종 코너,랜덤,96,,0.35,,,5,,,,,2022년 8월 18일
계승,속도,,,Never Say Never,Never Say Never,,원더 어큐트,어큐트,,,"속현 복합으로 간주 (선두와 2마신 이하, 더트)",,300m,즉발,97,0.05,0.05,,,3,200,,더트,,2024년 3월 7일
고유,속도,,,Never Say Never,Never Say Never,,원더 어큐트,어큐트,,,"속현 복합으로 간주 (선두와 2마신 이하, 더트)",,300m,즉발,97,0.25,0.25,,,5,,,더트,,2024년 3월 7일
계승,복합,,,One True Color,One True Color,,카렌짱(웨딩),흑카렌,,,시뮬에선 350m 즉발 (후방 1마신 이내),,350m,즉발,98,,0.05,0.1,,3,200,,,,2023년 9월 18일
고유,복합,,,One True Color,One True Color,,카렌짱(웨딩),흑카렌,,,시뮬에선 350m 즉발 (후방 1마신 이내),,350m,즉발,98,,0.25,0.3,,5,,,,,2023년 9월 18일
계승,속도,,Presents from X,Presents from X,Presents from X,,비와 하야히데(크리스마스),클비와,,,,,후반,즉발,99,,0.15,,,3,200,,,,2023년 3월 20일
고유,속도,,Presents from X,Presents from X,Presents from X,,비와 하야히데(크리스마스),클비와,,,,,후반,즉발,99,,0.35,,,5,,,,,2023년 3월 20일
계승,속도,,Pride of KING,Pride of KING,Pride of KING,,킹 헤일로,킹,,,,,200m,즉발,100,,0.25,,,3,200,,,,2022년 6월 20일
고유,속도,,Pride of KING,Pride of KING,Pride of KING,,킹 헤일로,킹,,,,,200m,즉발,100,,0.45,,,5,,,,,2022년 6월 20일
계승,속도,,,Queen's Lumination,Queen's Lumination,,다이와 스칼렛(크리스마스),클스카,,,0.15 속도기로 간주 (선두 후방 1마신 이내),,후반 직선,즉발,101,,0.15,,,3.6,200,,,,2024년 3월 18일
고유,속도,,,Queen's Lumination,Queen's Lumination,,다이와 스칼렛(크리스마스),클스카,,,0.35 속도기로 간주 (선두 후방 1마신 이내),,후반 직선,즉발,101,,0.35,,,6,,,,,2024년 3월 18일
계승,속도,,,Ravissant,Ravissant,,후지 키세키(무도회),댄싱 키세키,,,시뮬에선 최종 코너 즉발 (추월),,최종 코너,즉발,102,,0.25,,,2.4,200,,,,2023년 7월 18일
고유,속도,,,Ravissant,Ravissant,,후지 키세키(무도회),댄싱 키세키,,,시뮬에선 최종 코너 즉발 (추월),,최종 코너,즉발,102,,0.45,,,4,,,,,2023년 7월 18일
계승,속도,,Schwarzes Schwert,Schwarzes Schwert,Schwarzes Schwert,,에이신 플래시,에이신,,,,,최종 직선,즉발,103,,0.15,,,3,200,,,,2022년 12월 9일
고유,속도,,Schwarzes Schwert,Schwarzes Schwert,Schwarzes Schwert,,에이신 플래시,에이신,,,,,최종 직선,즉발,103,,0.35,,,5,,,,,2022년 12월 9일
계승,속도,,Shadow Break,Shadow Break,Shadow Break,,나리타 브라이언,나리브,,,0.25 속도기로 간주 (중반 옆쪽 가로막힘 2초),,최종 코너,랜덤,104,,0.25,,,3,200,,,,2022년 9월 5일
고유,속도,,Shadow Break,Shadow Break,Shadow Break,,나리타 브라이언,나리브,,,0.45 속도기로 간주 (중반 옆쪽 가로막힘 2초),,최종 코너,랜덤,104,,0.45,,,5,,,,,2022년 9월 5일
계승,복합,,,silent letter,silent letter,,애스턴 마짱,마짱,,,시뮬에선 400m 즉발 (자신이 추격 대상 1초),,400m,즉발,105,,0.05,0.1,,3,200,,,,2024년 1월 30일
고유,복합,,,silent letter,silent letter,,애스턴 마짱,마짱,,,시뮬에선 400m 즉발 (자신이 추격 대상 1초),,400m,즉발,105,,0.25,0.3,,5,,,,,2024년 1월 30일
계승,속도,,,Spooky-Scary-Happy,Spooky-Scary-Happy,,메이쇼 도토(할로윈),할도토,,,시뮬에선 중반 한정이기 때문에 2번 발동 안함,,최종 직선,즉발,106,,0.15,,,3,200,,,,2024년 1월 18일
고유,속도,,,Spooky-Scary-Happy,Spooky-Scary-Happy,,메이쇼 도토(할로윈),할도토,,,,,최종 직선,즉발,106,,0.35,,,5,,,,,2024년 1월 18일
계승,속도,,,trigger:BEAT,trigger:BEAT,,에어 샤커,샤커,,,,,최종 직선,즉발,107,,0.15,,,3,200,,,,2023년 10월 30일
고유,속도,,,trigger:BEAT,trigger:BEAT,,에어 샤커,샤커,,,,,최종 직선,즉발,107,,0.35,,,5,,,,,2023년 10월 30일
계승,복합,,U=ma2,U=ma2,U=ma2,,아그네스 타키온,타키온,,,,,후반 코너,즉발,108,,0.05,,1.5,2.4,200,,,,2022년 6월 20일
고유,복합,,U=ma2,U=ma2,U=ma2,,아그네스 타키온,타키온,,,,,후반 코너,즉발,108,,0.25,,5.5,4,,,,,2022년 6월 20일
계승,속도,,YEAH☆VIVID TIME!,YEAH☆VIVID TIME!,YEAH☆VIVID TIME!,,토센 조던,조던,,,시뮬에선 최종 직선 즉발 (추월 or 자신이 추격 대상 2초),,최종 직선,즉발,109,,0.15,,,3,200,,,,2023년 2월 27일
고유,속도,,YEAH☆VIVID TIME!,YEAH☆VIVID TIME!,YEAH☆VIVID TIME!,,토센 조던,조던,,,시뮬에선 최종 직선 즉발 (추월 or 자신이 추격 대상 2초),,최종 직선,즉발,109,,0.35,,,5,,,,,2023년 2월 27일
계승,복합,,,α-star*,α-star*,,스마트 팔콘(그랜드 라이브),황건적 팔코,,,속회 복합기로 간주 (더트),,40%구간,즉발,110,,0.05,,0.5,3.6,200,,더트,,2023년 12월 13일
고유,복합,,,α-star*,α-star*,,스마트 팔콘(그랜드 라이브),황건적 팔코,,,속회 복합기로 간주 (더트),,40%구간,즉발,110,,0.25,,3.5,6,,,더트,,2023년 12월 13일
계승,가속,,,열혈!! 풍기 어택,熱血！！風紀アタック,,,,,,"시뮬에선 최종 코너 즉발, ? 가속 ?초 지속으로 간주",,최종 코너,즉발,111,,,0.2,,2.7,200,,,,2023년 11월 29일
고유,가속,,,열혈!! 풍기 어택,熱血！！風紀アタック,,,,,,"시뮬에선 최종 코너 즉발, ? 가속 ?초 지속으로 간주",,최종 코너,즉발,111,,,0.4,,5,,,,,2023년 11월 29일
계승,속도,,,Adventure of 564,Adventure of 564,,,,,,,,후반,랜덤,112,,0.035,,,3,200,,,,2023년 11월 17일
고유,속도,,,Adventure of 564,Adventure of 564,,,,,,,,후반,랜덤,112,,0.15,,,5,,,,,2023년 11월 17일
레어/상위,속도,,의기충천,의기충천,意気衝天,가벼운 발걸음,,,,,,,중반의 후반,랜덤,1001,,0.35,,,2.4,320,,단거리,,2023년 5월 19일
일반/하위,속도,,가벼운 발걸음,가벼운 발걸음,軽い足取り,의기충천,,,,,,,중반의 후반,랜덤,1001,,0.15,,,2.4,160,,단거리,,2023년 5월 19일
레어/상위,속도,,강공책,강공책,強攻策,이른 작전,,,,,,,중반,랜덤,1002,,0.25,,,4,360,추입,,,2023년 4월 21일
일반/하위,속도,,이른 작전,이른 작전,早仕掛け,강공책,,,,,,,중반,랜덤,1002,,0.05,,,4,180,추입,,,2022년 6월 20일
레어/상위,가속,,강인한 다리,강인한 다리,豪脚,상승기류,,,,,,,종반,랜덤,1003,,,0.4,,3,320,,마일,,2022년 6월 20일
일반/하위,가속,,상승기류,상승기류,上昇気流,강인한 다리,,,,,,,종반,랜덤,1003,,,0.2,,3,160,,마일,,2022년 6월 20일
레어/상위,속도,,,거친 선풍,荒ぶる旋風,기백을 넣고서,,,,,,,중반,랜덤,1004,,0.35,,,1.8,320,,중거리,,2023년 8월 29일
일반/하위,속도,,,기백을 넣고서,気迫を込めて,거친 선풍,,,,,,,중반,랜덤,1004,,0.15,,,1.8,160,,중거리,,2023년 8월 29일
레어/상위,속도,,결사의 각오,결사의 각오,決死の覚悟,남김 없이,,,,,,,스퍼트 후 직선,랜덤,1005,,0.35,,,2.4,320,,중거리,,2023년 2월 8일
일반/하위,속도,,남김 없이,남김 없이,ありったけ,결사의 각오,,,,,,,스퍼트 후 직선,랜덤,1005,,0.15,,,2.4,160,,중거리,,2023년 2월 8일
레어/상위,속도,,,고양감,高揚感,앞으로 기우뚱,,,,,,,중반,랜덤,1006,,0.35,,,2.4,320,,중거리,,2023년 10월 30일
일반/하위,속도,,,앞으로 기우뚱,前のめり,고양감,,,,,,,중반,랜덤,1006,,0.15,,,2.4,160,,중거리,,2023년 7월 18일
레어/상위,가속,,곡선의 소믈리에,곡선의 소믈리에,曲線のソムリエ,코너 가속◯,,,,,2번 발동 가능,,무작위 코너,랜덤,1007,,,0.4,,3,360,,,,2022년 6월 20일
일반/하위,가속,,코너 가속◯,코너 가속◯,コーナー加速○,곡선의 소믈리에,,,,,2번 발동 가능,,무작위 코너,랜덤,1007,,,0.2,,3,180,,,,2022년 6월 20일
레어/상위,속도,,,언스토퍼블,アンストッパブル,공격 자세,,,,,,,중반,랜덤,1008,,0.35,,,2.4,360,선행,,,2023년 12월 13일
일반/하위,속도,,,공격 자세,攻めの姿勢,언스토퍼블,,,,,,,중반,랜덤,1008,,0.15,,,2.4,180,선행,,,2023년 12월 13일
레어/상위,속도,,,광망원인,光芒円刃,중거리 코너◎/중거리 코너◯,,,,,,,무작위 코너,랜덤,1009,,0.35,,,3,360,,중거리,,2023년 11월 8일
레어/상위,속도,,중거리 코너◎,중거리 코너◎,中距離コーナー◎,광망원인/중거리 코너◯,,,,,,,무작위 코너,랜덤,1009,,0.25,,,3,210,,중거리,,2022년 6월 20일
일반/하위,속도,,중거리 코너◯,중거리 코너◯,中距離コーナー○,광망원인/중거리 코너◎,,,,,,,무작위 코너,랜덤,1009,,0.15,,,3,100,,중거리,,2022년 6월 20일
레어/상위,속도,,광망일섬,광망일섬,光芒一閃,중거리 직선◎/중거리 직선◯,,,,,,,무작위 직선,랜덤,1010,,0.35,,,3,360,,중거리,,2023년 5월 19일
레어/상위,속도,,중거리 직선◎,중거리 직선◎,中距離直線◎,광망일섬/중거리 직선◯,,,,,,,무작위 직선,랜덤,1010,,0.25,,,3,210,,중거리,,2022년 6월 20일
일반/하위,속도,,중거리 직선◯,중거리 직선◯,中距離直線○,광망일섬/중거리 직선◎,,,,,,,무작위 직선,랜덤,1010,,0.15,,,3,100,,중거리,,2022년 6월 20일
레어/상위,가속,,,괴물,怪物,진가 발휘,,,,,,,종반,즉발,1011,,,0.4,,1.2,360,선행,장거리,,2024년 4월 9일
일반/하위,가속,,,진가 발휘,本領発揮,괴물,,,,,,,종반,즉발,1011,,,0.2,,1.2,180,선행,장거리,,2024년 3월 18일
레어/상위,가속,,기교파,기교파,技巧派,교묘한 스텝,,,,,시뮬에선 스타트 20초 후 즉발,,스타트 20초 후,즉발,1012,,,0.3,,3,240,선행,,,2022년 6월 20일
일반/하위,가속,,교묘한 스텝,교묘한 스텝,巧みなステップ,기교파,,,,,시뮬에선 스타트 20초 후 즉발,,스타트 20초 후,즉발,1012,,,0.2,,3,120,선행,,,2022년 6월 20일
레어/상위,가속,,도망자,도망자,逃亡者,굳히기 준비,,,,,,,최종 코너,랜덤,1013,,,0.4,,3,360,도주,,,2022년 6월 20일
일반/하위,가속,,굳히기 준비,굳히기 준비,押し切り準備,도망자,,,,,,,최종 코너,랜덤,1013,,,0.2,,3,180,도주,,,2022년 6월 20일
레어/상위,속도,,,권토중래,捲土重来,만회하기,,,,,,,중반,랜덤,1014,,0.35,,,2.4,360,,더트,,2024년 1월 18일
일반/하위,속도,,,만회하기,盛り返し,권토중래,,,,,,,중반,랜덤,1014,,0.15,,,2.4,180,,더트,,2024년 1월 18일
레어/상위,가속,,노력가,노력가,努力家,근면한 태도,,,,,,,중반,랜덤,1015,,,0.3,,4,240,선입,,,2022년 6월 20일
일반/하위,가속,,근면한 태도,근면한 태도,がんばり屋,노력가,,,,,,,중반,랜덤,1015,,,0.2,,4,120,선입,,,2022년 6월 20일
레어/상위,가속,,,폭주 모드!,爆走モード！,급부상,,,,,,,종반,랜덤,1016,,,0.4,,3,360,,더트,,9999년 9월 9일
일반/하위,가속,,,급부상,急浮上,폭주 모드!,,,,,,,종반,랜덤,1016,,,0.2,,3,180,,더트,,2024년 2월 16일
레어/상위,복합,,,첫 별,一番星,기라성,,,,,1.2배로 간주 (25승 이상),,후반,랜덤,1017,,0.3,0.36,,1.2,400,,,,2023년 6월 15일
일반/하위,복합,,,기라성,綺羅星,첫 별,,,,,1.2배로 간주 (25승 이상),,후반,랜덤,1017,,0.06,0.12,,1.2,200,,,,2023년 6월 15일
레어/상위,가속,,,기사회생,起死回生,원 찬스,,,,,,,종반,랜덤,1018,,,0.4,,1.2,320,,,,2023년 7월 18일
일반/하위,가속,,,원 찬스,ワンチャンス,기사회생,,,,,,,종반,랜덤,1018,,,0.2,,1.2,160,,,,2023년 7월 18일
레어/상위,가속,,,노려라 센터!,目指せセンター！,기세충분,,,,,,,종반,랜덤,1019,,,0.4,,3,360,,더트,,2023년 12월 13일
일반/하위,가속,,,기세충분,意気込み十分,노려라 센터!,,,,,,,종반,랜덤,1019,,,0.2,,3,180,,더트,,2023년 12월 13일
레어/상위,속도,,기어 체인지,기어 체인지,ギアチェンジ,기어 시프트,,,,,,,중반,랜덤,1020,,0.35,,,2.4,320,,마일,,2022년 6월 20일
일반/하위,속도,,기어 시프트,기어 시프트,ギアシフト,기어 체인지,,,,,,,중반,랜덤,1020,,0.15,,,2.4,160,,마일,,2022년 6월 20일
레어/상위,복합,,,기염만장,気炎万丈,투쟁심,,,,,,,중반,랜덤,1021,,0.25,,3.5,1.8,320,,중거리,,2023년 7월 18일
일반/하위,복합,,,투쟁심,闘争心,기염만장,,,,,,,중반,랜덤,1021,,0.15,,0.5,1.8,160,,중거리,,2023년 7월 18일
레어/상위,속도,,,파죽지세,破竹の勢い,기합충분,,,,,,,최종 코너,랜덤,1022,,0.35,,,1.8,320,,마일,,2023년 8월 17일
일반/하위,속도,,,기합충분,気合十分,파죽지세,,,,,,,최종 코너,랜덤,1022,,0.15,,,1.8,160,,마일,,2023년 8월 17일
레어/상위,속도,,꼬리 솟구쳐 오르기,꼬리 솟구쳐 오르기,尻尾の滝登り,꼬리 올리기,,,,,중반 회복기 3개로 시뮬.,,중반 스킬 3회,특수,1023,,0.35,,,3,280,,,,2023년 4월 12일
일반/하위,속도,,꼬리 올리기,꼬리 올리기,尻尾上がり,꼬리 솟구쳐 오르기,,,,,중반 회복기 3개로 시뮬.,,중반 스킬 3회,특수,1023,,0.15,,,3,100,,,,2022년 6월 20일
레어/상위,복합,,,너와 함께 이기고 싶어,キミと勝ちたい,꿈꾸는 도중,,,,,1.2배로 간주 (팬수 16만 이상),,후반,랜덤,1024,,0.42,0.24,,1.2,400,,,,2023년 12월 13일
일반/하위,복합,,,꿈꾸는 도중,夢の途中,너와 함께 이기고 싶어,,,,,1.2배로 간주 (팬수 16만 이상),,후반,랜덤,1024,,0.18,0.084,,1.2,200,,,,2023년 12월 13일
레어/상위,속도,,,밟을 수 없는 그림자,踏ませぬ影,끈질기게 버티기,,,,,시뮬에선 최종 직선 즉발 (선두 후방 1마신 이내),,최종 직선,즉발,1025,,0.45,,,2.4,360,,도주,,2024년 3월 18일
일반/하위,속도,,,끈질기게 버티기,粘り腰,밟을 수 없는 그림자,,,,,시뮬에선 최종 직선 즉발 (선두 후방 1마신 이내),,최종 직선,즉발,1025,,0.25,,,2.4,180,,도주,,2024년 3월 18일
레어/상위,가속,,,뛰어난 날카로움,抜群の切れ味,날카로움,,,,,,,종반의 전반,랜덤,1026,,,0.4,,1.2,360,추입,,,2024년 4월 18일
일반/하위,가속,,,날카로움,切れ味,뛰어난 날카로움,,,,,,,종반의 전반,랜덤,1026,,,0.2,,1.2,180,추입,,,2024년 4월 18일
레어/상위,속도,,내적 체험,내적 체험,内的体験,안쪽 코너 여포,,,,,,,최종 코너,랜덤,1027,,0.35,,,3,320,,장거리,,2022년 10월 18일
일반/하위,속도,,안쪽 코너 여포,안쪽 코너 여포,内弁慶,내적 체험,,,,,,,최종 코너,랜덤,1027,,0.15,,,3,160,,장거리,,2022년 6월 20일
레어/상위,속도,,,노도의 추격,怒涛の追い上げ,추격,,,,,,,종반,랜덤,1028,,0.35,,,3,320,,장거리,,2023년 6월 15일
일반/하위,속도,,추격,추격,追い上げ,노도의 추격,,,,,,,종반,랜덤,1028,,0.15,,,3,160,,장거리,,2022년 6월 20일
레어/상위,속도,,노력의 결정체,노력의 결정체,真打,노력의 결과,,,,,,,중반의 후반,랜덤,1029,,0.35,,,2.4,320,,장거리,,2023년 4월 21일
일반/하위,속도,,노력의 결과,노력의 결과,影打,노력의 결정체,,,,,,,중반의 후반,랜덤,1029,,0.15,,,2.4,160,,장거리,,2023년 4월 21일
레어/상위,가속,,논스톱 걸,논스톱 걸,ノンストップガール,뒤처지기 방지,,,,,시뮬에선 종반 랜덤. 실제론 스퍼트 이후 랜덤,,종반,랜덤,1030,,,0.4,,3,300,,,,2022년 6월 20일
일반/하위,가속,,뒤처지기 방지,뒤처지기 방지,垂れウマ回避,논스톱 걸,,,,,시뮬에선 종반 랜덤. 실제론 스퍼트 이후 랜덤,,종반,랜덤,1030,,,0.2,,3,150,,,,2022년 6월 20일
레어/상위,가속,,능숙한 환승,능숙한 환승,乗り換え上手,추월 확정 태세,,,,,,,종반,랜덤,1031,,,0.4,,1.8,360,선입,,,2022년 6월 20일
일반/하위,가속,,추월 확정 태세,추월 확정 태세,差し切り体勢,능숙한 환승,,,,,,,종반,랜덤,1031,,,0.2,,1.8,180,선입,,,2022년 6월 20일
레어/상위,속도,,단거리 직선◎,단거리 직선◎,短距離直線◎,자전일섬/단거리 직선◯,,,,,,,무작위 직선,랜덤,1032,,0.25,,,3,210,,단거리,,2022년 6월 20일
레어/상위,속도,,,자전일섬,紫電一閃,단거리 직선◎/단거리 직선◯,,,,,,,무작위 직선,랜덤,1032,,0.35,,,3,360,,단거리,,2024년 1월 9일
일반/하위,속도,,단거리 직선◯,단거리 직선◯,短距離直線○,자전일섬/단거리 직선◎,,,,,,,무작위 직선,랜덤,1032,,0.15,,,3,100,,단거리,,2022년 6월 20일
레어/상위,속도,,단거리 코너◎,단거리 코너◎,短距離コーナー◎,단거리 코너◯,,,,,,,무작위 코너,랜덤,1033,,0.25,,,3,210,,단거리,,2022년 6월 20일
일반/하위,속도,,단거리 코너◯,단거리 코너◯,短距離コーナー○,단거리 코너◎,,,,,,,무작위 코너,랜덤,1033,,0.15,,,3,100,,단거리,,2022년 6월 20일
레어/상위,속도,,,맹추격,猛追,달려들기,,,,,시뮬에선 후반 즉발 (추격 활성화),,후반,즉발,1034,,0.35,,,2.4,360,선행/선입,,,2024년 3월 18일
일반/하위,속도,,,달려들기,食らいつき,맹추격,,,,,시뮬에선 후반 즉발 (추격 활성화),,후반,즉발,1034,,0.15,,,2.4,180,선행/선입,,,2024년 3월 18일
레어/상위,복합,,,대담무쌍,大胆不敵,두려워하지 않는 마음,,,,,,,후반,랜덤,1035,,0.35,0.1,,1.8,360,선입,,,2023년 8월 17일
일반/하위,복합,,,두려워하지 않는 마음,恐れぬ心,대담무쌍,,,,,,,후반,랜덤,1035,,0.15,0.05,,1.8,180,선입,,,2023년 8월 17일
레어/상위,속도,,도주 직선◎,도주 직선◎,逃げ直線◎,도주 직선◯,,,,,,,무작위 직선,랜덤,1036,,0.25,,,3,270,도주,,,2022년 6월 20일
일반/하위,속도,,도주 직선◯,도주 직선◯,逃げ直線○,도주 직선◎,,,,,,,무작위 직선,랜덤,1036,,0.15,,,3,130,도주,,,2022년 6월 20일
레어/상위,속도,,도주 코너◎,도주 코너◎,逃げコーナー◎,진풍원인/도주 코너◯,,,,,,,무작위 코너,랜덤,1037,,0.25,,,3,270,도주,,,2022년 6월 20일
레어/상위,속도,,,진풍원인,陣風円刃,도주 코너◎/도주 코너◯,,,,,,,무작위 코너,랜덤,1037,,0.35,,,3,420,도주,,,2024년 5월 20일
일반/하위,속도,,도주 코너◯,도주 코너◯,逃げコーナー○,진풍원인/도주 코너◎,,,,,,,무작위 코너,랜덤,1037,,0.15,,,3,130,도주,,,2022년 6월 20일
레어/상위,가속,,,재연소,再燃焼,두 번째 화살,,,,,,,중반,랜덤,1038,,,0.4,,3,360,도주,,,9999년 9월 9일
일반/하위,가속,,두 번째 화살,두 번째 화살,二の矢,재연소,,,,,,,중반,랜덤,1038,,,0.2,,3,180,도주,,,2022년 6월 20일
레어/상위,속도,,전심전력,전심전력,全身全霊,뒷심,,,,,,,최종반,랜덤,1039,,0.35,,,2.4,340,,,,2022년 6월 20일
일반/하위,속도,,뒷심,뒷심,末脚,전심전력,,,,,,,최종반,랜덤,1039,,0.15,,,2.4,170,,,,2022년 6월 20일
레어/상위,속도,,,명경지수,明鏡止水,또렷한 생각,,,,,,,중반의 전반 지구력 회복,특수,1040,,0.35,,,1.8,300,,더트,,9999년 9월 9일
일반/하위,속도,,,또렷한 생각,冴える思考,명경지수,,,,,,,중반의 전반 지구력 회복,특수,1040,,0.15,,,1.8,150,,더트,,9999년 9월 9일
레어/상위,속도,,질풍노도,질풍노도,疾風怒濤,뛰어난 작전,,,,,,,종반,랜덤,1041,,0.35,,,3,360,추입,,,2022년 10월 11일
일반/하위,속도,,뛰어난 작전,뛰어난 작전,仕掛け抜群,질풍노도,,,,,,,종반,랜덤,1041,,0.15,,,3,180,추입,,,2022년 6월 20일
레어/상위,속도,,차트 급상승!,차트 급상승!,チャート急上昇！,레커멘드,,,,,,,중반,랜덤,1042,,0.35,,,2.4,360,,더트,,2022년 8월 26일
일반/하위,속도,,레커멘드,레커멘드,レコメンド,차트 급상승!,,,,,,,중반,랜덤,1042,,0.15,,,2.4,180,,더트,,2022년 6월 20일
레어/상위,속도,,선봉의 마음가짐,선봉의 마음가짐,先陣の心得,리드 킵,,,,,,,중반,랜덤,1043,,0.35,,,3,320,,장거리,,2022년 6월 20일
일반/하위,속도,,리드 킵,리드 킵,リードキープ,선봉의 마음가짐,,,,,,,중반,랜덤,1043,,0.15,,,3,160,,장거리,,2022년 6월 20일
레어/상위,속도,,,마구마구,遮二無二,무모함,,,,,,,중반의 후반,랜덤,1044,,0.35,,,2.4,360,,마일,,2024년 5월 10일
일반/하위,속도,,,무모함,向こう見ず,마구마구,,,,,,,중반의 후반,랜덤,1044,,0.15,,,2.4,180,,마일,,2024년 5월 10일
레어/상위,속도,,마일 직선◎,마일 직선◎,マイル直線◎,마일 직선◯,,,,,,,무작위 직선,랜덤,1045,,0.25,,,3,210,,마일,,2022년 6월 20일
일반/하위,속도,,마일 직선◯,마일 직선◯,マイル直線○,마일 직선◎,,,,,,,무작위 직선,랜덤,1045,,0.15,,,3,100,,마일,,2022년 6월 20일
레어/상위,속도,,마일 코너◎,마일 코너◎,マイルコーナー◎,마일 코너◯,,,,,,,무작위 코너,랜덤,1046,,0.25,,,3,210,,마일,,2022년 6월 20일
일반/하위,속도,,마일 코너◯,마일 코너◯,マイルコーナー○,마일 코너◎,,,,,,,무작위 코너,랜덤,1046,,0.15,,,3,100,,마일,,2022년 6월 20일
레어/상위,속도,,마일의 지배자,마일의 지배자,マイルの支配者,적극책,,,,,발동 지점이 극초반이면 5초 조건에 의해 불발,,초반,랜덤,1047,,0.35,,,3,320,,마일,,2022년 6월 20일
일반/하위,속도,,적극책,적극책,積極策,마일의 지배자,,,,,발동 지점이 극초반이면 5초 조건에 의해 불발,,초반,랜덤,1047,,0.15,,,3,160,,마일,,2022년 6월 20일
레어/상위,가속,,,만반의 준비,盤石の構え,터다지기,,,,,,,초반,즉발,1048,,,0.4,,3,280,,,,2024년 8월 16일
일반/하위,가속,,터다지기,터다지기,地固め,만반의 준비,,,,,,,초반,즉발,1048,,,0.2,,3,100,,,,2022년 6월 20일
레어/상위,속도,,,먼저 갑니다!,お先に失礼っ！,장난은 끝이야!,,,,,시뮬에선 중반 한정이기 때문에 2번 발동 안함,,중반,랜덤,1049,,0.35,,,3,320,,,,2023년 9월 8일
일반/하위,속도,,장난은 끝이야!,장난은 끝이야!,遊びはおしまいっ！,먼저 갑니다!,,,,,시뮬에선 중반 한정이기 때문에 2번 발동 안함,,중반,랜덤,1049,,0.15,,,3,160,,,,2022년 6월 20일
레어/상위,속도,,,우아한 모래 목욕,優雅な砂浴び,모래 목욕◯,,,,,시뮬에선 스타트 5초 후 즉발 (슬립스트림과 비슷한 조건),,스타트 5초 후,즉발,1050,,0.35,,,3,320,,더트,,2024년 3월 7일
일반/하위,속도,,,모래 목욕◯,砂浴び○,우아한 모래 목욕,,,,,시뮬에선 스타트 5초 후 즉발 (슬립스트림과 비슷한 조건),,스타트 5초 후,즉발,1050,,0.15,,,3,160,,더트,,2024년 1월 18일
레어/상위,가속,,목표는 맨 앞줄!,목표는 맨 앞줄!,狙うは最前列！,앞줄 겨냥,,,,,,,종반,랜덤,1051,,,0.3,,3,280,,더트,,2023년 1월 9일
일반/하위,가속,,앞줄 겨냥,앞줄 겨냥,前列狙い,목표는 맨 앞줄!,,,,,,,종반,랜덤,1051,,,0.2,,3,140,,더트,,2023년 1월 9일
레어/상위,복합,,,무아몽중,無我夢中,죽기살기,,,,,스태미나 감소하면서 스퍼트 위치 재계산 주의,,스퍼트,즉발,1052,,,0.4,,1.5,360,선입,장거리,,2024년 2월 7일
일반/하위,복합,,,무작정,がむしゃら,무아몽중,,,,,스태미나 감소하면서 스퍼트 위치 재계산 주의,,스퍼트,즉발,1052,,,0.2,,1.5,180,선입,장거리,,2024년 2월 7일
레어/상위,복합,,승리를 향한 집념,승리를 향한 집념,勝利への執念,물고 늘어지기,,,,,,,최종 코너,랜덤,1053,,0.35,0.1,,3,320,,중거리,,2022년 6월 20일
일반/하위,복합,,물고 늘어지기,물고 늘어지기,食い下がり,승리를 향한 집념,,,,,,,최종 코너,랜덤,1053,,0.15,0.05,,3,160,,중거리,,2022년 6월 20일
레어/상위,복합,,번갯불의 번뜩임,번갯불의 번뜩임,電撃の煌めき,바짝 붙기,,,,,,,종반,랜덤,1054,,0.35,0.1,,3,320,,단거리,,2022년 6월 20일
일반/하위,복합,,바짝 붙기,바짝 붙기,詰め寄り,번갯불의 번뜩임,,,,,,,종반,랜덤,1054,,0.15,0.05,,3,160,,단거리,,2022년 6월 20일
레어/상위,속도,,,승리할 기회,勝利の機運,밝을 징조,,,,,,,중반의 후반,랜덤,1055,,0.35,,,2.4,360,더트,,,2023년 12월 8일
일반/하위,속도,,,밝을 징조,明るい兆し,승리할 기회,,,,,,,중반의 후반,랜덤,1055,,0.15,,,2.4,180,더트,,,2023년 12월 8일
레어/상위,가속,,불굴의 정신,불굴의 정신,くじけぬ精神,새 출발,,,,,,,중반,랜덤,1056,,,0.3,,3,240,선행,,,2022년 11월 8일
일반/하위,가속,,새 출발,새 출발,まき直し,불굴의 정신,,,,,,,중반,랜덤,1056,,,0.2,,3,120,선행,,,2022년 6월 20일
레어/상위,속도,,,브레이크스루,ブレイクスルー,타개책,,,,,,,중반,랜덤,1057,,0.35,,,2.4,360,추입,,,2023년 12월 18일
일반/하위,속도,,,타개책,打開策,브레이크스루,,,,,,,중반,랜덤,1057,,0.15,,,2.4,180,추입,,,2023년 12월 18일
레어/상위,속도,,탈출술,탈출술,脱出術,빠른 걸음,,,,,,,중반,랜덤,1058,,0.35,,,3,360,도주,,,2022년 6월 20일
일반/하위,속도,,빠른 걸음,빠른 걸음,急ぎ足,탈출술,,,,,,,중반,랜덤,1058,,0.15,,,3,180,도주,,,2022년 6월 20일
레어/상위,속도,,스피드스터,스피드스터,スピードスター,,,,,,,,최종 코너,랜덤,1059,,0.35,,,1.8,360,선행,,,2022년 6월 20일
일반/하위,속도,,빠져나갈 준비,빠져나갈 준비,抜け出し準備,스피드스터,,,,,,,최종 코너,랜덤,1059,,0.15,,,1.8,180,선행,,,2022년 6월 20일
레어/상위,속도,,,톱 러너,トップランナー,선두 프라이드,,,,,시뮬에선 9~25% 구간 랜덤,,9~25%,랜덤,1060,,0.35,,,3,360,도주,,,2023년 7월 18일
일반/하위,속도,,선두 프라이드,선두 프라이드,先頭プライド,톱 러너,,,,,시뮬에선 9~25% 구간 랜덤,,9~25%,랜덤,1060,,0.15,,,3,180,도주,,,2022년 6월 20일
레어/상위,가속,,선수 필승,선수 필승,先手必勝,앞장서기,,,,,,,초반,즉발,1061,,,0.4,,1.2,240,도주,,,2022년 7월 4일
일반/하위,가속,,앞장서기,앞장서기,先駆け,선수 필승,,,,,,,초반,즉발,1061,,,0.2,,1.2,120,도주,,,2022년 6월 20일
레어/상위,속도,,선입 직선◎,선입 직선◎,差し直線◎,예각일섬/선입 직선◯,,,,,,,무작위 직선,랜덤,1062,,0.25,,,3,270,선입,,,2022년 6월 20일
레어/상위,속도,,,예각일섬,鋭脚一閃,선입 직선◎/선입 직선◯,,,,,,,무작위 직선,랜덤,1062,,0.35,,,3,420,선입,,,2024년 3월 7일
일반/하위,속도,,선입 직선◯,선입 직선◯,差し直線○,예각일섬/선입 직선◎,,,,,,,무작위 직선,랜덤,1062,,0.15,,,3,130,선입,,,2022년 6월 20일
레어/상위,속도,,선입 코너◎,선입 코너◎,差しコーナー◎,예각원인/선입 코너◯,,,,,,,무작위 코너,랜덤,1063,,0.25,,,3,270,선입,,,2022년 6월 20일
레어/상위,속도,,,예각원인,鋭脚円刃,선입 코너◎/선입 코너◯,,,,,,,무작위 코너,랜덤,1063,,0.35,,,3,420,선입,,,2024년 5월 20일
일반/하위,속도,,선입 코너◯,선입 코너◯,差しコーナー○,예각원인/선입 코너◎,,,,,,,무작위 코너,랜덤,1063,,0.15,,,3,130,선입,,,2022년 6월 20일
레어/상위,속도,,선행 직선◎,선행 직선◎,先行直線◎,선행 직선◯,,,,,,,무작위 직선,랜덤,1064,,0.25,,,3,270,선행,,,2022년 6월 20일
일반/하위,속도,,선행 직선◯,선행 직선◯,先行直線○,선행 직선◎,,,,,,,무작위 직선,랜덤,1064,,0.15,,,3,130,선행,,,2022년 6월 20일
레어/상위,속도,,선행 코너◎,선행 코너◎,先行コーナー◎,선행 코너◯,,,,,,,무작위 코너,랜덤,1065,,0.25,,,3,270,선행,,,2022년 6월 20일
일반/하위,속도,,선행 코너◯,선행 코너◯,先行コーナー○,선행 코너◎,,,,,,,무작위 코너,랜덤,1065,,0.15,,,3,130,선행,,,2022년 6월 20일
레어/상위,가속,,플랜 X,플랜 X,プランX,선후책,,,,,,,중반의 후반,랜덤,1066,,,0.4,,3,320,,단거리,,2022년 6월 20일
일반/하위,가속,,선후책,선후책,善後策,플랜 X,,,,,,,중반의 후반,랜덤,1066,,,0.2,,3,160,,단거리,,2022년 6월 20일
레어/상위,가속,,스프린트 터보,스프린트 터보,スプリントターボ,스프린트 기어,,,,,,,무작위 직선,랜덤,1067,,,0.4,,3,320,,단거리,,2022년 6월 20일
일반/하위,가속,,스프린트 기어,스프린트 기어,スプリントギア,스프린트 터보,,,,,,,무작위 직선,랜덤,1067,,,0.2,,3,160,,단거리,,2022년 6월 20일
레어/상위,속도,,,스피드 그리드,スピードグリード,스피드 이터,,,,,,,중반,랜덤,1068,,0.25,,,3,320,,마일,,9999년 9월 9일
일반/하위,속도,,스피드 이터,스피드 이터,スピードイーター,스피드 그리드,,,,,,,중반,랜덤,1068,,0.15,,,3,160,,마일,,2022년 6월 20일
레어/상위,속도,,,좋은 곳에 들어갔어!,いいとこ入った！,슬립 스트림,,,,,시뮬에선 중반 한정이기 때문에 2번 발동 안함,,중반,랜덤,1069,,0.35,,,3,320,,,,2024년 1월 18일
일반/하위,속도,,슬립 스트림,슬립 스트림,スリップストリーム,좋은 곳에 들어갔어!,,,,,시뮬에선 중반 한정이기 때문에 2번 발동 안함,,중반,랜덤,1069,,0.15,,,3,160,,,,2022년 6월 20일
레어/상위,속도,,승천하는 용,승천하는 용,昇り龍,외곽 추월 준비,,,,,,,최종 코너,랜덤,1070,,0.35,,,3,360,선입,,,2022년 6월 20일
일반/하위,속도,,외곽 추월 준비,외곽 추월 준비,外差し準備,승천하는 용,,,,,,,최종 코너,랜덤,1070,,0.15,,,3,180,선입,,,2022년 6월 20일
레어/상위,속도,,신속 과감,신속 과감,迅速果断,위치 선정 밀어붙이기,,,,,,,중반,랜덤,1071,,0.35,,,2.4,360,선입,,,2022년 6월 20일
일반/하위,속도,,위치 선정 밀어붙이기,위치 선정 밀어붙이기,位置取り押し上げ,신속 과감,,,,,,,중반,랜덤,1071,,0.15,,,2.4,180,선입,,,2022년 6월 20일
레어/상위,속도,,,전속전진!,全速前進！,쏜살같이,,,,,,,최종반,랜덤,1072,,0.35,,,3,360,,더트,,2024년 6월 3일
일반/하위,속도,,,쏜살같이,まっしぐら,전속전진!,,,,,,,최종반,랜덤,1072,,0.15,,,3,180,,더트,,2024년 1월 18일
레어/상위,복합,,아오하루 연소・근,아오하루 연소・근,アオハル燃焼・根,아오하루 점화・근,,,,,1.1배로 간주 (팀 멤버 합 2600~3599),,종반,랜덤,1073,,0.275,0.33,,1.8,400,,,,2022년 12월 19일
일반/하위,복합,,아오하루 점화・근,아오하루 점화・근,アオハル点火・根,아오하루 연소・근,,,,,1.1배로 간주 (팀 멤버 합 2600~3599),,종반,랜덤,1073,,0.055,0.11,,1.8,200,,,,2022년 12월 19일
레어/상위,속도,,아오하루 연소・속,아오하루 연소・속,アオハル燃焼・速,아오하루 점화・속,,,,,1.15배로 간주,,중반,랜덤,1074,,0.4025,,,1.8,400,,,,2022년 12월 19일
일반/하위,속도,,아오하루 점화・속,아오하루 점화・속,アオハル点火・速,아오하루 연소・속,,,,,1.15배로 간주,,중반,랜덤,1074,,0.1725,,,1.8,200,,,,2022년 12월 19일
레어/상위,가속,,아오하루 연소・역,아오하루 연소・역,アオハル燃焼・力,아오하루 점화・역,,,,,1.1배로 간주 (팀 멤버 합 2600~3599),,종반,랜덤,1075,,,0.44,,1.2,400,,,,2022년 12월 19일
일반/하위,가속,,아오하루 점화・역,아오하루 점화・역,アオハル点火・力,아오하루 연소・역,,,,,1.1배로 간주 (팀 멤버 합 2600~3599),,종반,랜덤,1075,,,0.22,,1.2,200,,,,2022년 12월 19일
레어/상위,속도,,압도적 리드,압도적 리드,圧倒的リード,큰 리드,,,,,,,중반,즉발,1076,,0.35,,,3,340,,단거리,,2022년 6월 20일
일반/하위,속도,,큰 리드,큰 리드,大きなリード,압도적 리드,,,,,,,중반,즉발,1076,,0.15,,,3,170,,단거리,,2022년 6월 20일
레어/상위,가속,,액셀 전개!,액셀 전개!,アクセル全開！,액셀러레이션,,,,,,,중반,랜덤,1077,,,0.4,,3,320,,마일,,2022년 6월 20일
일반/하위,가속,,액셀러레이션,액셀러레이션,アクセラレーション,액셀 전개!,,,,,,,중반,랜덤,1077,,,0.2,,3,160,,마일,,2022년 6월 20일
레어/상위,속도,,여장부 기질,여장부 기질,姉御肌,오기,,,,,시뮬에선 중반 랜덤 (추격 활성화),,중반,랜덤,1078,,0.35,,,1.8,240,,마일,,2022년 9월 15일
일반/하위,속도,,오기,오기,負けん気,여장부 기질,,,,,시뮬에선 중반 랜덤 (추격 활성화),,중반,랜덤,1078,,0.15,,,1.8,120,,마일,,2022년 6월 20일
레어/상위,속도,,,열풍일섬,烈風一閃,장거리 직선◎/장거리 직선◯,,,,,,,무작위 직선,랜덤,1079,,0.35,,,3,360,,장거리,,2023년 6월 15일
레어/상위,속도,,장거리 직선◎,장거리 직선◎,長距離直線◎,열풍일섬/장거리 직선◯,,,,,,,무작위 직선,랜덤,1079,,0.25,,,3,210,,장거리,,2022년 6월 20일
일반/하위,속도,,장거리 직선◯,장거리 직선◯,長距離直線○,열풍일섬/장거리 직선◎,,,,,,,무작위 직선,랜덤,1079,,0.15,,,3,100,,장거리,,2022년 6월 20일
레어/상위,복합,,,용왕매진,勇往邁進,풀 스로틀,,,,,,,중반,랜덤,1080,,0.45,,-4,2.4,320,선입,,,2023년 9월 24일
일반/하위,복합,,,풀 스로틀,フルスロットル,용왕매진,,,,,,,중반,랜덤,1080,,0.25,,-4,2.4,160,선입,,,2023년 9월 24일
레어/상위,속도,,우마무스메 마니아,우마무스메 마니아,ウママニア,우마무스메 애호가,,,,,시뮬에선 스타트 5초 후 즉발 (인접 3명),,스타트 5초 후,즉발,1081,,0.35,,,3,320,,,,2023년 1월 9일
일반/하위,속도,,우마무스메 애호가,우마무스메 애호가,ウマ好み,우마무스메 마니아,,,,,시뮬에선 스타트 5초 후 즉발 (인접 3명),,스타트 5초 후,즉발,1081,,0.15,,,3,160,,,,2022년 6월 20일
레어/상위,속도,,,월영일섬,月影一閃,추입 직선◎/추입 직선◯,,,,,,,무작위 직선,랜덤,1082,,0.35,,,3,420,추입,,,2023년 10월 30일
레어/상위,속도,,추입 직선◎,추입 직선◎,追込直線◎,월영일섬/추입 직선◯,,,,,,,무작위 직선,랜덤,1082,,0.25,,,3,270,추입,,,2022년 6월 20일
일반/하위,속도,,추입 직선◯,추입 직선◯,追込直線○,월영일섬/추입 직선◎,,,,,,,무작위 직선,랜덤,1082,,0.15,,,3,130,추입,,,2022년 6월 20일
레어/상위,가속,,육박하는 그림자,육박하는 그림자,迫る影,직선 주파,,,,,,,스퍼트 후 직선,즉발,1083,,,0.4,,0.9,360,추입,,,2022년 8월 18일
일반/하위,가속,,직선 주파,직선 주파,直線一気,육박하는 그림자,,,,,,,스퍼트 후 직선,즉발,1083,,,0.2,,0.9,180,추입,,,2022년 6월 20일
레어/상위,속도,,,일본 최고의 우마무스메,日本一のウマ娘,,,,,,,,최종 코너,랜덤,1084,,0.35,,,3,360,,장거리,,2023년 7월 7일
레어/상위,가속,,일진광풍,일진광풍,一陣の風,직선 가속,,,,,시뮬 제작자가 2번 발동 안한다는데 잘 모르겠음,,무작위 직선,랜덤,1085,,,0.4,,3,340,,,,2022년 6월 20일
일반/하위,가속,,직선 가속,직선 가속,直線加速,일진광풍,,,,,시뮬 제작자가 2번 발동 안한다는데 잘 모르겠음,,무작위 직선,랜덤,1085,,,0.2,,3,170,,,,2022년 6월 20일
레어/상위,속도,,장거리 코너◎,장거리 코너◎,長距離コーナー◎,장거리 코너◯,,,,,,,무작위 코너,랜덤,1086,,0.25,,,3,210,,장거리,,2022년 6월 20일
일반/하위,속도,,장거리 코너◯,장거리 코너◯,長距離コーナー○,장거리 코너◎,,,,,,,무작위 코너,랜덤,1086,,0.15,,,3,100,,장거리,,2022년 6월 20일
레어/상위,가속,,,전광석화,電光石火,한달음에,,,,,시뮬에선 종반 즉발 (추격 활성화),,종반,즉발,1087,,,0.4,,2,360,,단거리/마일,,2024년 1월 9일
일반/하위,가속,,,한달음에,一足飛び,전광석화,,,,,시뮬에선 종반 즉발 (추격 활성화),,종반,즉발,1087,,,0.2,,2,180,,단거리/마일,,2024년 1월 9일
레어/상위,가속,,,치열한 접전,鍔迫り合い,정면 승부,,,,,,,종반,랜덤,1088,,,0.4,,1.8,360,선행,,,2023년 7월 31일
일반/하위,가속,,정면 승부,정면 승부,真っ向勝負,치열한 접전,,,,,,,종반,랜덤,1088,,,0.2,,1.8,180,선행,,,2023년 3월 20일
레어/상위,복합,,,출력 1000%!,出力1000％！,죽기살기로,,,,,,,중반의 전반,랜덤,1089,,0.45,,-4,2.7,,도주,,,2023년 12월 18일
일반/하위,복합,,,죽기살기로,しゃかりき,출력 1000%!,,,,,,,중반의 전반,랜덤,1089,,0.25,,-4,2.7,,도주,,,2023년 12월 18일
레어/상위,속도,,한줄기 질풍,한줄기 질풍,ハヤテ一文字,직선 달인,,,,,시뮬 제작자가 2번 발동 안한다는데 잘 모르겠음,,무작위 직선,랜덤,1090,,0.35,,,2.4,340,,,,2022년 6월 20일
일반/하위,속도,,직선 달인,직선 달인,直線巧者,한줄기 질풍,,,,,시뮬 제작자가 2번 발동 안한다는데 잘 모르겠음,,무작위 직선,랜덤,1090,,0.15,,,2.4,170,,,,2022년 6월 20일
레어/상위,속도,,추입 코너◎,추입 코너◎,追込コーナー◎,추입 코너◯,,,,,,,무작위 코너,랜덤,1091,,0.25,,,3,270,추입,,,2022년 6월 20일
일반/하위,속도,,추입 코너◯,추입 코너◯,追込コーナー○,추입 코너◎,,,,,,,무작위 코너,랜덤,1091,,0.15,,,3,130,추입,,,2022년 6월 20일
레어/상위,속도,,호선의 프로페서,호선의 프로페서,弧線のプロフェッサー,코너 달인◯,,,,,2번 발동 가능,,무작위 코너,랜덤,1092,,0.35,,,2.4,360,,,,2022년 6월 20일
일반/하위,속도,,코너 달인◯,코너 달인◯,コーナー巧者○,호선의 프로페서,,,,,2번 발동 가능,,무작위 코너,랜덤,1092,,0.15,,,2.4,180,,,,2022년 6월 20일
레어/상위,복합,,,쾌진격,快進撃,확실한 발걸음,,,,,,,중반의 후반,랜덤,1093,,0.25,0.3,,3,340,선행,중거리,,2024년 2월 16일
일반/하위,복합,,,확실한 발걸음,確かな足取り,쾌진격,,,,,,,중반의 후반,랜덤,1093,,0.05,0.1,,3,170,선행,중거리,,2024년 2월 16일
레어/상위,속도,,킬러 튠,킬러 튠,キラーチューン,템포 업,,,,,,,중반,랜덤,1094,,0.35,,,2.4,320,,중거리,,2022년 6월 20일
일반/하위,속도,,템포 업,템포 업,テンポアップ,킬러 튠,,,,,,,중반,랜덤,1094,,0.15,,,2.4,160,,중거리,,2022년 6월 20일
레어/상위,속도,,,텐션 오르는데!,アガッてきた！,페이스 업,,,,,중반 한정이라 쿨타임 못채우고 2번 발동 안함,,중반,랜덤,1095,,0.35,,,1.8,340,,,,2023년 8월 8일
일반/하위,속도,,페이스 업,페이스 업,ペースアップ,텐션 오르는데!,,,,,중반 한정이라 쿨타임 못채우고 2번 발동 안함,,중반,랜덤,1095,,0.15,,,1.8,170,,,,2022년 6월 20일
레어/상위,속도,,,톱 기어,トップギア,폭발하는 다리,,,,,,,최종 직선,즉발,1096,,0.45,,,2.4,360,선입,,,2024년 3월 18일
일반/하위,속도,,,폭발하는 다리,キレる脚,톱 기어,,,,,,,최종 직선,즉발,1096,,0.25,,,2.4,180,선입,,,2024년 3월 18일
레어/상위,속도,,,풍운의 뜻,風雲の志,향상심,,,,,,,60~66%구간,랜덤,1097,,0.25,,,4,360,선행,,,2024년 2월 7일
일반/하위,속도,,,향상심,向上心,풍운의 뜻,,,,,,,60~66%구간,랜덤,1097,,0.05,,,4,180,선행,,,2024년 2월 7일
레어/상위,속도,,백만 마력,백만 마력,百万バリキ,십만 마력,,,,,,,무작위 오르막,랜덤,1098,,0.35,,,2.4,240,선입,,,2023년 1월 18일
일반/하위,속도,,십만 마력,십만 마력,十万バリキ,백만 마력,,,,,,,무작위 오르막,랜덤,1098,,0.15,,,2.4,120,선입,,,2022년 6월 20일
레어/상위,속도,,,지고의 다운힐러,至高のダウンヒラー,내리막 달인,,,,,,,무작위 내리막,랜덤,1099,,0.35,,,2.4,340,,,,2024년 5월 20일
일반/하위,속도,,,내리막 달인,下り坂巧者,지고의 다운힐러,,,,,,,무작위 내리막,랜덤,1099,,0.15,,,2.4,170,,,,2023년 12월 18일
레어/상위,가속,,결의의 직활강,결의의 직활강,決意の直滑降,직활강,,,,,,,무작위 내리막,랜덤,1100,,,0.3,,3,240,선행,,,2022년 6월 20일
일반/하위,가속,,직활강,직활강,直滑降,결의의 직활강,,,,,,,무작위 내리막,랜덤,1100,,,0.2,,3,120,선행,,,2022년 6월 20일
일반/하위,가속,,등산가,등산가,登山家,,,,,,,,무작위 오르막,랜덤,1101,,,0.2,,3,160,,,,2022년 6월 20일
레어/상위,가속,,라이트닝 스텝,라이트닝 스텝,ライトニングステップ,천둥 번개 스텝,,,,,,,중반,랜덤,1102,,,0.3,,4,280,,중거리,,2022년 6월 20일
일반/하위,가속,,천둥 번개 스텝,천둥 번개 스텝,イナズマステップ,라이트닝 스텝,,,,,,,중반,랜덤,1102,,,0.2,,4,140,,중거리,,2022년 6월 20일
레어/상위,속도,,도박사,도박사,博打うち,수상한 작전,,,,,,,후반,랜덤,1103,,0.45,,,1.8,240,,,,2023년 5월 2일
일반/하위,속도,,수상한 작전,수상한 작전,あやしげな作戦,도박사,,,,,,,후반,랜덤,1103,,0.25,,,1.8,120,,,,2023년 5월 2일
레어/상위,가속,,준비 완료!,준비 완료!,準備万全！,작전 준비,,,,,,,중반,랜덤,1104,,,0.3,,3,280,,단거리,,2022년 12월 30일
일반/하위,가속,,작전 준비,작전 준비,仕掛け準備,준비 완료!,,,,,,,중반,랜덤,1104,,,0.2,,3,140,,단거리,,2022년 6월 20일
레어/상위,녹딱,,,근성 60,,,,,,,,,,즉발,,,,,,,,,,,2022년 6월 20일
레어/상위,녹딱,,,스피드 60,,,,,,,,,,즉발,,,,,,,,,,,2022년 6월 20일
레어/상위,녹딱,,,스피드 80,,,,,,,,,,즉발,,,,,,,,,,,2023년 6월 15일
레어/상위,녹딱,,,스피드 파워 60,,,,,,,,,,즉발,,,,,,,,,,,2023년 2월 16일
레어/상위,녹딱,,,승부사,,,,,,,발동률 60%로 간주 (인기순위 4이상),,,랜덤,,,,,,,,,,,2024년 2월 28일
레어/상위,녹딱,,,파워 60,,,,,,,,,,즉발,,,,,,,,,,,2022년 6월 20일
일반/하위,녹딱,,,근성 40,,,,,,,,,,즉발,,,,,,,,,,,2022년 6월 20일
일반/하위,녹딱,,,모험심,,,,,,,버그 : 발동률 60%로 간주 (인기순위 4이상). 실제론 30%,,,랜덤,,,,,,,,,,,2024년 2월 28일
일반/하위,녹딱,,,스피드 40,,,,,,,,,,즉발,,,,,,,,,,,2022년 6월 20일
일반/하위,녹딱,,,파워 40,,,,,,,,,,즉발,,,,,,,,,,,2022년 6월 20일
