그룹,단계,희귀,분류,마신,스킬명(한섭),스킬명(한섭 시뮬),스킬명(일섭 시뮬),보유 말딸,보유 말딸(별명),최대,중앙,최소,특이사항,시뮬 발동 구간,즉발,주행 속도,속도,가속,지구력,지속,스킬 Pt,각질,거리,경기장,예상 출시일
6,2,고유,속도,,궁극 테이오 스텝,궁극 테이오 스텝,究極テイオーステップ,토카이 테이오,테이오,,,,,최종 직선,즉발,,0.45,,,5,,,,,2022년 6월 20일
6,1,계승,속도,,궁극 테이오 스텝,궁극 테이오 스텝,究極テイオーステップ,토카이 테이오,테이오,,,,,최종 직선,즉발,,0.25,,,3,200,,,,2022년 6월 20일
7,2,고유,속도,,"그대, 황제의 신위를 보라","그대, 황제의 신위를 보라",汝、皇帝の神威を見よ,심볼리 루돌프,루돌프,,,,,최종 직선,즉발,,0.45,,,5,,,,,2022년 6월 20일
7,1,계승,속도,,"그대, 황제의 신위를 보라","그대, 황제의 신위를 보라",汝、皇帝の神威を見よ,심볼리 루돌프,루돌프,,,,,최종 직선,즉발,,0.25,,,3,200,,,,2022년 6월 20일
20,2,고유,가속,,레츠 아나볼릭!,레츠 아나볼릭!,レッツ・アナボリック！,메지로 라이언,라이언,,,,,종반 코너,즉발,,,0.4,,4,,,,,2022년 6월 20일
20,1,계승,가속,,레츠 아나볼릭!,레츠 아나볼릭!,レッツ・アナボリック！,메지로 라이언,라이언,,,,,종반 코너,즉발,,,0.2,,2.4,200,,,,2022년 6월 20일
23,2,고유,속도,,반드시 그 너머로…!,반드시 그 너머로…!,きっとその先へ…！,나이스 네이처,네이처,,,,"시뮬에선 최종반 랜덤 (종반 이후, 후방 1마신 이내)",최종반,랜덤,,0.35,,,5,,,,,2022년 6월 20일
23,1,계승,속도,,반드시 그 너머로…!,반드시 그 너머로…!,きっとその先へ…！,나이스 네이처,네이처,,,,"시뮬에선 최종반 랜덤 (종반 이후, 후방 1마신 이내)",최종반,랜덤,,0.15,,,3,200,,,,2022년 6월 20일
28,2,고유,복합,,번뜩임☆랜딩,번뜩임☆랜딩,ひらめき☆ランディング,마야노 탑건,마야,,,,시뮬에선 최종 코너 즉발 (옆쪽 가로막힘 2초),최종 코너,즉발,,0.25,0.3,,5,,,,,2022년 6월 20일
28,1,계승,복합,,번뜩임☆랜딩,번뜩임☆랜딩,ひらめき☆ランディング,마야노 탑건,마야,,,,시뮬에선 최종 코너 즉발 (옆쪽 가로막힘 2초),최종 코너,즉발,,0.05,0.1,,3,200,,,,2022년 6월 20일
33,2,고유,속도,,"불침함, 출항!","불침함, 출항!",不沈艦、抜錨ォッ！,골드 쉽,고루시,,,,,후반,즉발,,0.25,,,6,,,,,2022년 6월 20일
33,1,계승,속도,,"불침함, 출항!","불침함, 출항!",不沈艦、抜錨ォッ！,골드 쉽,고루시,,,,,후반,즉발,,0.05,,,3.6,200,,,,2022년 6월 20일
34,2,고유,복합,,브릴리언트 레드 에이스,브릴리언트 레드 에이스,ブリリアント・レッドエース,다이와 스칼렛,다스카,,,,시뮬에선 50~83% 구간 랜덤 (선두 후방 1마신 이내 or 2위 추격 활성화),50~83%구간,랜덤,,0.25,0.3,,5,,,,,2022년 6월 20일
34,1,계승,복합,,브릴리언트 레드 에이스,브릴리언트 레드 에이스,ブリリアント・レッドエース,다이와 스칼렛,다스카,,,,시뮬에선 50~83% 구간 랜덤 (선두 후방 1마신 이내 or 2위 추격 활성화),50~83%구간,랜덤,,0.05,0.1,,3,200,,,,2022년 6월 20일
35,2,고유,속도,,블레이즈 오브 프라이드,블레이즈 오브 프라이드,ブレイズ・オブ・プライド,에어 그루브,그루브,,,,,최종 코너,랜덤,,0.35,,,5,,,,,2022년 6월 20일
35,1,계승,속도,,블레이즈 오브 프라이드,블레이즈 오브 프라이드,ブレイズ・オブ・プライド,에어 그루브,그루브,,,,,최종 코너,랜덤,,0.15,,,3,200,,,,2022년 6월 20일
36,2,고유,속도,,블루 로즈 체이서,블루 로즈 체이서,ブルーローズチェイサー,라이스 샤워,라이스,,,,"시뮬에선 최종 직선 랜덤 (전제 : 최종 코너 및 직선, 추월 / 발동 : 최종 직선)",최종 직선,랜덤,,0.35,,,5,,,,,2022년 6월 20일
36,1,계승,속도,,블루 로즈 체이서,블루 로즈 체이서,ブルーローズチェイサー,라이스 샤워,라이스,,,,"시뮬에선 최종 직선 랜덤 (전제 : 최종 코너 및 직선, 추월 / 발동 : 최종 직선)",최종 직선,랜덤,,0.15,,,3,200,,,,2022년 6월 20일
37,2,고유,가속,,빅토리 샷!,빅토리 샷!,ヴィクトリーショット！,타이키 셔틀,타이키,,,,,최종 코너 후반,즉발,,,0.4,,4,,,,,2022년 6월 20일
37,1,계승,가속,,빅토리 샷!,빅토리 샷!,ヴィクトリーショット！,타이키 셔틀,타이키,,,,,최종 코너 후반,즉발,,,0.2,,2.4,200,,,,2022년 6월 20일
42,2,고유,속도,,선두의 경치는 양보할 수 없어…!,선두의 경치는 양보할 수 없어…!,先頭の景色は譲らない…！,사일런스 스즈카,스즈카,,,,,후반,즉발,,0.35,,,5,,,,,2022년 6월 20일
42,1,계승,속도,,선두의 경치는 양보할 수 없어…!,선두의 경치는 양보할 수 없어…!,先頭の景色は譲らない…！,사일런스 스즈카,스즈카,,,,,후반,즉발,,0.15,,,3,200,,,,2022년 6월 20일
44,2,고유,복합,,슈팅 스타,슈팅 스타,シューティングスター,스페셜 위크,스페,,,,시뮬에선 종반 랜덤 (종반 이후 추월),종반,랜덤,,0.35,0.1,,5,,,,,2022년 6월 20일
44,1,계승,복합,,슈팅 스타,슈팅 스타,シューティングスター,스페셜 위크,스페,,,,시뮬에선 종반 랜덤 (종반 이후 추월),종반,랜덤,,0.15,0.05,,3,200,,,,2022년 6월 20일
45,2,고유,속도,,승리의 고동,승리의 고동,勝利の鼓動,오구리 캡,오구리,,,,,200m,즉발,,0.45,,,5,,,,,2022년 6월 20일
45,1,계승,속도,,승리의 고동,승리의 고동,勝利の鼓動,오구리 캡,오구리,,,,,200m,즉발,,0.25,,,3,200,,,,2022년 6월 20일
46,2,고유,속도,,승리의 티켓을 너에게!,승리의 티켓을 너에게!,勝利のチケットを、君にッ！,위닝 티켓,티켓,,,,"시뮬에선 최종 직선 랜덤 (전제 : 최종 코너 및 직선, 옆쪽 가로막힘 2초 / 발동 : 최종 직선)",최종 직선,랜덤,,0.35,,,5,,,,,2022년 6월 20일
46,1,계승,속도,,승리의 티켓을 너에게!,승리의 티켓을 너에게!,勝利のチケットを、君にッ！,위닝 티켓,티켓,,,,"시뮬에선 최종 직선 랜덤 (전제 : 최종 코너 및 직선, 옆쪽 가로막힘 2초 / 발동 : 최종 직선)",최종 직선,랜덤,,0.15,,,3,200,,,,2022년 6월 20일
55,2,고유,복합,,옵니다 오고 있습니다 오게 할 겁니다!,옵니다 오고 있습니다 오게 할 겁니다!,来ます来てます来させます！,마치카네 후쿠키타루,복순이,,,,"시뮬에선 종반 랜덤 (종반 이후, 앞쪽 가로막힘)",종반,랜덤,,0.35,0.1,,5,,,,,2022년 6월 20일
55,1,계승,복합,,옵니다 오고 있습니다 오게 할 겁니다!,옵니다 오고 있습니다 오게 할 겁니다!,来ます来てます来させます！,마치카네 후쿠키타루,복순이,,,,"시뮬에선 종반 랜덤 (종반 이후, 앞쪽 가로막힘)",종반,랜덤,,0.15,0.05,,3,200,,,,2022년 6월 20일
56,2,고유,속도,,우등생×돌진=대승리!,우등생×돌진=대승리!,優等生×バクシン＝大勝利ッ,사쿠라 바쿠신 오,박신,,,,시뮬에선 50~83% 구간 랜덤,50~83%구간,랜덤,,0.35,,,5,,,,,2022년 6월 20일
56,1,계승,속도,,우등생×돌진=대승리!,우등생×돌진=대승리!,優等生×バクシン＝大勝利ッ,사쿠라 바쿠신 오,박신,,,,시뮬에선 50~83% 구간 랜덤,50~83%구간,랜덤,,0.15,,,3,200,,,,2022년 6월 20일
63,2,고유,속도,,정신일도 하사불성,정신일도 하사불성,精神一到何事か成らざらん,그래스 원더,그래스,,,,,최종 직선,랜덤,,0.35,,,5,,,,,2022년 6월 20일
63,1,계승,속도,,정신일도 하사불성,정신일도 하사불성,精神一到何事か成らざらん,그래스 원더,그래스,,,,,최종 직선,랜덤,,0.15,,,3,200,,,,2022년 6월 20일
65,2,고유,속도,,존귀한 사명을 완수하기 위하여,존귀한 사명을 완수하기 위하여,貴顕の使命を果たすべく,메지로 맥퀸,맥퀸,,,,,최종 코너,즉발,,0.35,,,5,,,,,2022년 6월 20일
65,1,계승,속도,,존귀한 사명을 완수하기 위하여,존귀한 사명을 완수하기 위하여,貴顕の使命を果たすべく,메지로 맥퀸,맥퀸,,,,,최종 코너,즉발,,0.15,,,3,200,,,,2022년 6월 20일
68,2,고유,속도,,커팅×DRIVE!,커팅×DRIVE!,カッティング×DRIVE！,보드카,보드카,,,,,200m,즉발,,0.35,,,5,,,,,2022년 6월 20일
68,1,계승,속도,,커팅×DRIVE!,커팅×DRIVE!,カッティング×DRIVE！,보드카,보드카,,,,,200m,즉발,,0.15,,,3,200,,,,2022년 6월 20일
75,2,고유,복합,,플란차☆가나도르,플란차☆가나도르,プランチャ☆ガナドール,엘 콘도르 파사,엘,,,,,최종 직선,즉발,,0.25,0.3,,5,,,,,2022년 6월 20일
75,1,계승,복합,,플란차☆가나도르,플란차☆가나도르,プランチャ☆ガナドール,엘 콘도르 파사,엘,,,,,최종 직선,즉발,,0.05,0.1,,3,200,,,,2022년 6월 20일
78,2,고유,가속,,홍염 기어/LP1211-M,홍염 기어/LP1211-M,紅焔ギア/LP1211-M,마루젠스키,마루젠,,,,늦홍염은 계산 불가능,최종 코너,즉발,,,0.4,,4,,,,,2022년 6월 20일
78,1,계승,가속,,홍염 기어/LP1211-M,홍염 기어/LP1211-M,紅焔ギア/LP1211-M,마루젠스키,마루젠,,,,늦홍염은 계산 불가능,최종 코너,즉발,,,0.2,,2.4,200,,,,2022년 6월 20일
100,2,고유,속도,,Pride of KING,Pride of KING,Pride of KING,킹 헤일로,킹,,,,,200m,즉발,,0.45,,,5,,,,,2022년 6월 20일
100,1,계승,속도,,Pride of KING,Pride of KING,Pride of KING,킹 헤일로,킹,,,,,200m,즉발,,0.25,,,3,200,,,,2022년 6월 20일
108,2,고유,복합,,U=ma2,U=ma2,U=ma2,아그네스 타키온,타키온,,,,,후반 코너,즉발,,0.25,,5.5,4,,,,,2022년 6월 20일
108,1,계승,복합,,U=ma2,U=ma2,U=ma2,아그네스 타키온,타키온,,,,,후반 코너,즉발,,0.05,,1.5,2.4,200,,,,2022년 6월 20일
1002,1,일반/하위,속도,,이른 작전,이른 작전,早仕掛け,,,,,,,중반,랜덤,,0.05,,,4,180,추입,,,2022년 6월 20일
1003,2,레어/상위,가속,,강인한 다리,강인한 다리,豪脚,,,,,,,종반,랜덤,,,0.4,,3,320,,마일,,2022년 6월 20일
1003,1,일반/하위,가속,,상승기류,상승기류,上昇気流,,,,,,,종반,랜덤,,,0.2,,3,160,,마일,,2022년 6월 20일
1007,2,레어/상위,가속,,곡선의 소믈리에,곡선의 소믈리에,曲線のソムリエ,,,,,,2번 발동 가능,무작위 코너,랜덤,,,0.4,,3,360,,,,2022년 6월 20일
1007,1,일반/하위,가속,,코너 가속◯,코너 가속◯,コーナー加速○,,,,,,2번 발동 가능,무작위 코너,랜덤,,,0.2,,3,180,,,,2022년 6월 20일
1009,2,레어/상위,속도,,중거리 코너◎,중거리 코너◎,中距離コーナー◎,,,,,,,무작위 코너,랜덤,,0.25,,,3,210,,중거리,,2022년 6월 20일
1009,1,일반/하위,속도,,중거리 코너◯,중거리 코너◯,中距離コーナー○,,,,,,,무작위 코너,랜덤,,0.15,,,3,100,,중거리,,2022년 6월 20일
1010,2,레어/상위,속도,,중거리 직선◎,중거리 직선◎,中距離直線◎,,,,,,,무작위 직선,랜덤,,0.25,,,3,210,,중거리,,2022년 6월 20일
1010,1,일반/하위,속도,,중거리 직선◯,중거리 직선◯,中距離直線○,,,,,,,무작위 직선,랜덤,,0.15,,,3,100,,중거리,,2022년 6월 20일
1012,2,레어/상위,가속,,기교파,기교파,技巧派,,,,,,시뮬에선 스타트 20초 후 즉발,스타트 20초 후,즉발,,,0.3,,3,240,선행,,,2022년 6월 20일
1012,1,일반/하위,가속,,교묘한 스텝,교묘한 스텝,巧みなステップ,,,,,,시뮬에선 스타트 20초 후 즉발,스타트 20초 후,즉발,,,0.2,,3,120,선행,,,2022년 6월 20일
1013,2,레어/상위,가속,,도망자,도망자,逃亡者,,,,,,,최종 코너,랜덤,,,0.4,,3,360,도주,,,2022년 6월 20일
1013,1,일반/하위,가속,,굳히기 준비,굳히기 준비,押し切り準備,,,,,,,최종 코너,랜덤,,,0.2,,3,180,도주,,,2022년 6월 20일
1015,2,레어/상위,가속,,노력가,노력가,努力家,,,,,,,중반,랜덤,,,0.3,,4,240,선입,,,2022년 6월 20일
1015,1,일반/하위,가속,,근면한 태도,근면한 태도,がんばり屋,,,,,,,중반,랜덤,,,0.2,,4,120,선입,,,2022년 6월 20일
1020,2,레어/상위,속도,,기어 체인지,기어 체인지,ギアチェンジ,,,,,,,중반,랜덤,,0.35,,,2.4,320,,마일,,2022년 6월 20일
1020,1,일반/하위,속도,,기어 시프트,기어 시프트,ギアシフト,,,,,,,중반,랜덤,,0.15,,,2.4,160,,마일,,2022년 6월 20일
1023,1,일반/하위,속도,,꼬리 올리기,꼬리 올리기,尻尾上がり,,,,,,중반 회복기 3개로 시뮬,중반 스킬 3회,특수,,0.15,,,3,100,,,,2022년 6월 20일
1027,1,일반/하위,속도,,안쪽 코너 여포,안쪽 코너 여포,内弁慶,,,,,,,최종 코너,랜덤,,0.15,,,3,160,,장거리,,2022년 6월 20일
1028,1,일반/하위,속도,,추격,추격,追い上げ,,,,,,,종반,랜덤,,0.15,,,3,160,,장거리,,2022년 6월 20일
1030,2,레어/상위,가속,,논스톱 걸,논스톱 걸,ノンストップガール,,,,,,"시뮬에선 종반 랜덤 (스퍼트, 앞 인접 1초)",종반,랜덤,,,0.4,,3,300,,,,2022년 6월 20일
1030,1,일반/하위,가속,,뒤처지기 방지,뒤처지기 방지,垂れウマ回避,,,,,,"시뮬에선 종반 랜덤 (스퍼트, 앞 인접 1초)",종반,랜덤,,,0.2,,3,150,,,,2022년 6월 20일
1031,2,레어/상위,가속,,능숙한 환승,능숙한 환승,乗り換え上手,,,,,,,종반,랜덤,,,0.4,,1.8,360,선입,,,2022년 6월 20일
1031,1,일반/하위,가속,,추월 확정 태세,추월 확정 태세,差し切り体勢,,,,,,,종반,랜덤,,,0.2,,1.8,180,선입,,,2022년 6월 20일
1032,2,레어/상위,속도,,단거리 직선◎,단거리 직선◎,短距離直線◎,,,,,,,무작위 직선,랜덤,,0.25,,,3,210,,단거리,,2022년 6월 20일
1032,1,일반/하위,속도,,단거리 직선◯,단거리 직선◯,短距離直線○,,,,,,,무작위 직선,랜덤,,0.15,,,3,100,,단거리,,2022년 6월 20일
1033,2,레어/상위,속도,,단거리 코너◎,단거리 코너◎,短距離コーナー◎,,,,,,,무작위 코너,랜덤,,0.25,,,3,210,,단거리,,2022년 6월 20일
1033,1,일반/하위,속도,,단거리 코너◯,단거리 코너◯,短距離コーナー○,,,,,,,무작위 코너,랜덤,,0.15,,,3,100,,단거리,,2022년 6월 20일
1036,2,레어/상위,속도,,도주 직선◎,도주 직선◎,逃げ直線◎,,,,,,,무작위 직선,랜덤,,0.25,,,3,270,도주,,,2022년 6월 20일
1036,1,일반/하위,속도,,도주 직선◯,도주 직선◯,逃げ直線○,,,,,,,무작위 직선,랜덤,,0.15,,,3,130,도주,,,2022년 6월 20일
1037,2,레어/상위,속도,,도주 코너◎,도주 코너◎,逃げコーナー◎,,,,,,,무작위 코너,랜덤,,0.25,,,3,270,도주,,,2022년 6월 20일
1037,1,일반/하위,속도,,도주 코너◯,도주 코너◯,逃げコーナー○,,,,,,,무작위 코너,랜덤,,0.15,,,3,130,도주,,,2022년 6월 20일
1038,1,일반/하위,가속,,두 번째 화살,두 번째 화살,二の矢,,,,,,,중반,랜덤,,,0.2,,3,180,도주,,,2022년 6월 20일
1039,2,레어/상위,속도,,전심전력,전심전력,全身全霊,,,,,,,최종반,랜덤,,0.35,,,2.4,340,,,,2022년 6월 20일
1039,1,일반/하위,속도,,뒷심,뒷심,末脚,,,,,,,최종반,랜덤,,0.15,,,2.4,170,,,,2022년 6월 20일
1041,1,일반/하위,속도,,뛰어난 작전,뛰어난 작전,仕掛け抜群,,,,,,,종반,랜덤,,0.15,,,3,180,추입,,,2022년 6월 20일
1042,1,일반/하위,속도,,레커멘드,레커멘드,レコメンド,,,,,,,중반,랜덤,,0.15,,,2.4,180,,더트,,2022년 6월 20일
1043,2,레어/상위,속도,,선봉의 마음가짐,선봉의 마음가짐,先陣の心得,,,,,,,중반,랜덤,,0.35,,,3,320,,장거리,,2022년 6월 20일
1043,1,일반/하위,속도,,리드 킵,리드 킵,リードキープ,,,,,,,중반,랜덤,,0.15,,,3,160,,장거리,,2022년 6월 20일
1045,2,레어/상위,속도,,마일 직선◎,마일 직선◎,マイル直線◎,,,,,,,무작위 직선,랜덤,,0.25,,,3,210,,마일,,2022년 6월 20일
1045,1,일반/하위,속도,,마일 직선◯,마일 직선◯,マイル直線○,,,,,,,무작위 직선,랜덤,,0.15,,,3,100,,마일,,2022년 6월 20일
1046,2,레어/상위,속도,,마일 코너◎,마일 코너◎,マイルコーナー◎,,,,,,,무작위 코너,랜덤,,0.25,,,3,210,,마일,,2022년 6월 20일
1046,1,일반/하위,속도,,마일 코너◯,마일 코너◯,マイルコーナー○,,,,,,,무작위 코너,랜덤,,0.15,,,3,100,,마일,,2022년 6월 20일
1047,2,레어/상위,속도,,마일의 지배자,마일의 지배자,マイルの支配者,,,,,,발동 지점이 극초반이면 5초 조건에 의해 불발,초반,랜덤,,0.35,,,3,320,,마일,,2022년 6월 20일
1047,1,일반/하위,속도,,적극책,적극책,積極策,,,,,,발동 지점이 극초반이면 5초 조건에 의해 불발,초반,랜덤,,0.15,,,3,160,,마일,,2022년 6월 20일
1048,1,일반/하위,가속,,터다지기,터다지기,地固め,,,,,,,초반,즉발,,,0.2,,3,100,,,,2022년 6월 20일
1049,1,일반/하위,속도,,장난은 끝이야!,장난은 끝이야!,遊びはおしまいっ！,,,,,,시뮬에선 중반 한정이기 때문에 2번 발동 안함,중반,랜덤,,0.15,,,3,160,,,,2022년 6월 20일
1053,2,레어/상위,복합,,승리를 향한 집념,승리를 향한 집념,勝利への執念,,,,,,,최종 코너,랜덤,,0.35,0.1,,3,320,,중거리,,2022년 6월 20일
1053,1,일반/하위,복합,,물고 늘어지기,물고 늘어지기,食い下がり,,,,,,,최종 코너,랜덤,,0.15,0.05,,3,160,,중거리,,2022년 6월 20일
1054,2,레어/상위,복합,,번갯불의 번뜩임,번갯불의 번뜩임,電撃の煌めき,,,,,,,종반,랜덤,,0.35,0.1,,3,320,선입/추입,단거리,,2022년 6월 20일
1054,1,일반/하위,복합,,바짝 붙기,바짝 붙기,詰め寄り,,,,,,,종반,랜덤,,0.15,0.05,,3,160,선입/추입,단거리,,2022년 6월 20일
1056,1,일반/하위,가속,,새 출발,새 출발,まき直し,,,,,,,중반,랜덤,,,0.2,,3,120,선행,,,2022년 6월 20일
1058,2,레어/상위,속도,,탈출술,탈출술,脱出術,,,,,,,중반,랜덤,,0.35,,,3,360,도주,,,2022년 6월 20일
1058,1,일반/하위,속도,,빠른 걸음,빠른 걸음,急ぎ足,,,,,,,중반,랜덤,,0.15,,,3,180,도주,,,2022년 6월 20일
1059,2,레어/상위,속도,,스피드스터,스피드스터,スピードスター,,,,,,,최종 코너,랜덤,,0.35,,,1.8,360,선행,,,2022년 6월 20일
1059,1,일반/하위,속도,,빠져나갈 준비,빠져나갈 준비,抜け出し準備,,,,,,,최종 코너,랜덤,,0.15,,,1.8,180,선행,,,2022년 6월 20일
1060,1,일반/하위,속도,,선두 프라이드,선두 프라이드,先頭プライド,,,,,,시뮬에선 9~25% 구간 랜덤,9~25%,랜덤,,0.15,,,3,180,도주,,,2022년 6월 20일
1061,1,일반/하위,가속,,앞장서기,앞장서기,先駆け,,,,,,,초반,즉발,,,0.2,,1.2,120,도주,,,2022년 6월 20일
1062,2,레어/상위,속도,,선입 직선◎,선입 직선◎,差し直線◎,,,,,,,무작위 직선,랜덤,,0.25,,,3,270,선입,,,2022년 6월 20일
1062,1,일반/하위,속도,,선입 직선◯,선입 직선◯,差し直線○,,,,,,,무작위 직선,랜덤,,0.15,,,3,130,선입,,,2022년 6월 20일
1063,2,레어/상위,속도,,선입 코너◎,선입 코너◎,差しコーナー◎,,,,,,,무작위 코너,랜덤,,0.25,,,3,270,선입,,,2022년 6월 20일
1063,1,일반/하위,속도,,선입 코너◯,선입 코너◯,差しコーナー○,,,,,,,무작위 코너,랜덤,,0.15,,,3,130,선입,,,2022년 6월 20일
1064,2,레어/상위,속도,,선행 직선◎,선행 직선◎,先行直線◎,,,,,,,무작위 직선,랜덤,,0.25,,,3,270,선행,,,2022년 6월 20일
1064,1,일반/하위,속도,,선행 직선◯,선행 직선◯,先行直線○,,,,,,,무작위 직선,랜덤,,0.15,,,3,130,선행,,,2022년 6월 20일
1065,2,레어/상위,속도,,선행 코너◎,선행 코너◎,先行コーナー◎,,,,,,,무작위 코너,랜덤,,0.25,,,3,270,선행,,,2022년 6월 20일
1065,1,일반/하위,속도,,선행 코너◯,선행 코너◯,先行コーナー○,,,,,,,무작위 코너,랜덤,,0.15,,,3,130,선행,,,2022년 6월 20일
1066,2,레어/상위,가속,,플랜 X,플랜 X,プランX,,,,,,,중반의 후반,랜덤,,,0.4,,3,320,,단거리,,2022년 6월 20일
1066,1,일반/하위,가속,,선후책,선후책,善後策,,,,,,,중반의 후반,랜덤,,,0.2,,3,160,,단거리,,2022년 6월 20일
1067,2,레어/상위,가속,,스프린트 터보,스프린트 터보,スプリントターボ,,,,,,,무작위 직선,랜덤,,,0.4,,3,320,,단거리,,2022년 6월 20일
1067,1,일반/하위,가속,,스프린트 기어,스프린트 기어,スプリントギア,,,,,,,무작위 직선,랜덤,,,0.2,,3,160,,단거리,,2022년 6월 20일
1068,1,일반/하위,속도,,스피드 이터,스피드 이터,スピードイーター,,,,,,,중반,랜덤,,0.15,,,3,160,,마일,,2022년 6월 20일
1069,1,일반/하위,속도,,슬립 스트림,슬립 스트림,スリップストリーム,,,,,,시뮬에선 중반 한정이기 때문에 2번 발동 안함,중반,랜덤,,0.15,,,3,160,,,,2022년 6월 20일
1070,2,레어/상위,속도,,승천하는 용,승천하는 용,昇り龍,,,,,,,최종 코너,랜덤,,0.35,,,3,360,선입,,,2022년 6월 20일
1070,1,일반/하위,속도,,외곽 추월 준비,외곽 추월 준비,外差し準備,,,,,,,최종 코너,랜덤,,0.15,,,3,180,선입,,,2022년 6월 20일
1071,2,레어/상위,속도,,신속 과감,신속 과감,迅速果断,,,,,,,중반,랜덤,,0.35,,,2.4,360,선입,,,2022년 6월 20일
1071,1,일반/하위,속도,,위치 선정 밀어붙이기,위치 선정 밀어붙이기,位置取り押し上げ,,,,,,,중반,랜덤,,0.15,,,2.4,180,선입,,,2022년 6월 20일
1076,2,레어/상위,속도,,압도적 리드,압도적 리드,圧倒的リード,,,,,,,중반,즉발,,0.35,,,3,340,,단거리,,2022년 6월 20일
1076,1,일반/하위,속도,,큰 리드,큰 리드,大きなリード,,,,,,,중반,즉발,,0.15,,,3,170,,단거리,,2022년 6월 20일
1077,2,레어/상위,가속,,액셀 전개!,액셀 전개!,アクセル全開！,,,,,,,중반,랜덤,,,0.4,,3,320,,마일,,2022년 6월 20일
1077,1,일반/하위,가속,,액셀러레이션,액셀러레이션,アクセラレーション,,,,,,,중반,랜덤,,,0.2,,3,160,,마일,,2022년 6월 20일
1078,1,일반/하위,속도,,오기,오기,負けん気,,,,,,시뮬에선 중반 랜덤 (추격 활성화),중반,랜덤,,0.15,,,1.8,120,,마일,,2022년 6월 20일
1079,2,레어/상위,속도,,장거리 직선◎,장거리 직선◎,長距離直線◎,,,,,,,무작위 직선,랜덤,,0.25,,,3,210,,장거리,,2022년 6월 20일
1079,1,일반/하위,속도,,장거리 직선◯,장거리 직선◯,長距離直線○,,,,,,,무작위 직선,랜덤,,0.15,,,3,100,,장거리,,2022년 6월 20일
1081,1,일반/하위,속도,,우마무스메 애호가,우마무스메 애호가,ウマ好み,,,,,,시뮬에선 스타트 5초 후 즉발 (인접 3명),스타트 5초 후,즉발,,0.15,,,3,160,,,,2022년 6월 20일
1082,2,레어/상위,속도,,추입 직선◎,추입 직선◎,追込直線◎,,,,,,,무작위 직선,랜덤,,0.25,,,3,270,추입,,,2022년 6월 20일
1082,1,일반/하위,속도,,추입 직선◯,추입 직선◯,追込直線○,,,,,,,무작위 직선,랜덤,,0.15,,,3,130,추입,,,2022년 6월 20일
1083,1,일반/하위,가속,,직선 주파,직선 주파,直線一気,,,,,,,스퍼트 후 직선,즉발,,,0.2,,0.9,180,추입,,,2022년 6월 20일
1085,2,레어/상위,가속,,일진광풍,일진광풍,一陣の風,,,,,,시뮬 제작자가 2번 발동 안한다는데 잘 모르겠음,무작위 직선,랜덤,,,0.4,,3,340,,,,2022년 6월 20일
1085,1,일반/하위,가속,,직선 가속,직선 가속,直線加速,,,,,,시뮬 제작자가 2번 발동 안한다는데 잘 모르겠음,무작위 직선,랜덤,,,0.2,,3,170,,,,2022년 6월 20일
1086,2,레어/상위,속도,,장거리 코너◎,장거리 코너◎,長距離コーナー◎,,,,,,,무작위 코너,랜덤,,0.25,,,3,210,,장거리,,2022년 6월 20일
1086,1,일반/하위,속도,,장거리 코너◯,장거리 코너◯,長距離コーナー○,,,,,,,무작위 코너,랜덤,,0.15,,,3,100,,장거리,,2022년 6월 20일
1090,2,레어/상위,속도,,한줄기 질풍,한줄기 질풍,ハヤテ一文字,,,,,,시뮬 제작자가 2번 발동 안한다는데 잘 모르겠음,무작위 직선,랜덤,,0.35,,,2.4,340,,,,2022년 6월 20일
1090,1,일반/하위,속도,,직선 달인,직선 달인,直線巧者,,,,,,시뮬 제작자가 2번 발동 안한다는데 잘 모르겠음,무작위 직선,랜덤,,0.15,,,2.4,170,,,,2022년 6월 20일
1091,2,레어/상위,속도,,추입 코너◎,추입 코너◎,追込コーナー◎,,,,,,,무작위 코너,랜덤,,0.25,,,3,270,추입,,,2022년 6월 20일
1091,1,일반/하위,속도,,추입 코너◯,추입 코너◯,追込コーナー○,,,,,,,무작위 코너,랜덤,,0.15,,,3,130,추입,,,2022년 6월 20일
1092,2,레어/상위,속도,,호선의 프로페서,호선의 프로페서,弧線のプロフェッサー,,,,,,2번 발동 가능,무작위 코너,랜덤,,0.35,,,2.4,360,,,,2022년 6월 20일
1092,1,일반/하위,속도,,코너 달인◯,코너 달인◯,コーナー巧者○,,,,,,2번 발동 가능,무작위 코너,랜덤,,0.15,,,2.4,180,,,,2022년 6월 20일
1094,2,레어/상위,속도,,킬러 튠,킬러 튠,キラーチューン,,,,,,,중반,랜덤,,0.35,,,2.4,320,,중거리,,2022년 6월 20일
1094,1,일반/하위,속도,,템포 업,템포 업,テンポアップ,,,,,,,중반,랜덤,,0.15,,,2.4,160,,중거리,,2022년 6월 20일
1095,1,일반/하위,속도,,페이스 업,페이스 업,ペースアップ,,,,,,중반 한정이라 쿨타임 못채우고 2번 발동 안함,중반,랜덤,,0.15,,,1.8,170,,,,2022년 6월 20일
1098,1,일반/하위,속도,,십만 마력,십만 마력,十万バリキ,,,,,,,무작위 오르막,랜덤,,0.15,,,2.4,120,선입,,,2022년 6월 20일
1100,2,레어/상위,가속,,결의의 직활강,결의의 직활강,決意の直滑降,,,,,,,무작위 내리막,랜덤,,,0.3,,3,240,선행,,,2022년 6월 20일
1100,1,일반/하위,가속,,직활강,직활강,直滑降,,,,,,,무작위 내리막,랜덤,,,0.2,,3,120,선행,,,2022년 6월 20일
1101,1,일반/하위,가속,,등산가,등산가,登山家,,,,,,,무작위 오르막,랜덤,,,0.2,,3,160,,,,2022년 6월 20일
1102,2,레어/상위,가속,,라이트닝 스텝,라이트닝 스텝,ライトニングステップ,,,,,,,중반,랜덤,,,0.3,,4,280,,중거리,,2022년 6월 20일
1102,1,일반/하위,가속,,천둥 번개 스텝,천둥 번개 스텝,イナズマステップ,,,,,,,중반,랜덤,,,0.2,,4,140,,중거리,,2022년 6월 20일
1104,1,일반/하위,가속,,작전 준비,작전 준비,仕掛け準備,,,,,,,중반,랜덤,,,0.2,,3,140,,단거리,,2022년 6월 20일
,,일반/하위,녹딱,,,근성 40,,,,,,,,,즉발,,,,,,,,,,2022년 6월 20일
,,레어/상위,녹딱,,,근성 60,,,,,,,,,즉발,,,,,,,,,,2022년 6월 20일
,,일반/하위,녹딱,,,스피드 40,,,,,,,,,즉발,,,,,,,,,,2022년 6월 20일
,,레어/상위,녹딱,,,스피드 60,,,,,,,,,즉발,,,,,,,,,,2022년 6월 20일
,,일반/하위,녹딱,,,파워 40,,,,,,,,,즉발,,,,,,,,,,2022년 6월 20일
,,레어/상위,녹딱,,,파워 60,,,,,,,,,즉발,,,,,,,,,,2022년 6월 20일
38,2,고유,속도,,빅토리아에게 바치는 무도,빅토리아에게 바치는 무도,ヴィットーリアに捧ぐ舞踏,티엠 오페라 오,오페라,,,,"시뮬에선 최종 코너 랜덤 (최종 코너 및 직선, 전방 or 후방 1마신 이내)",최종 코너,랜덤,,0.35,,,5,,,,,2022년 6월 27일
38,1,계승,속도,,빅토리아에게 바치는 무도,빅토리아에게 바치는 무도,ヴィットーリアに捧ぐ舞踏,티엠 오페라 오,오페라,,,,"시뮬에선 최종 코너 랜덤 (최종 코너 및 직선, 전방 or 후방 1마신 이내)",최종 코너,랜덤,,0.15,,,3,200,,,,2022년 6월 27일
86,2,고유,속도,,G00 1st.F∞;,G00 1st.F∞;,G00 1st.F∞;,미호노 부르봉,부르봉,,,,,최종 직선,즉발,,0.35,,,5,,,,,2022년 7월 4일
86,1,계승,속도,,G00 1st.F∞;,G00 1st.F∞;,G00 1st.F∞;,미호노 부르봉,부르봉,,,,,최종 직선,즉발,,0.15,,,3,200,,,,2022년 7월 4일
1061,2,레어/상위,가속,,선수 필승,선수 필승,先手必勝,,,,,,,초반,즉발,,,0.4,,1.2,240,도주,,,2022년 7월 4일
3,2,고유,속도,,∴win Q.E.D.,∴win Q.E.D.,∴win Q.E.D.,비와 하야히데,비와,,,,,최종 코너,랜덤,,0.35,,,5,,,,,2022년 7월 13일
3,1,계승,속도,,∴win Q.E.D.,∴win Q.E.D.,∴win Q.E.D.,비와 하야히데,비와,,,,,최종 코너,랜덤,,0.15,,,3,200,,,,2022년 7월 13일
62,2,고유,속도,,"절대는, 나야","절대는, 나야",絶対は、ボクだ,토카이 테이오(애니),불닭 테이오,,,,"시뮬에선 최종 직선 랜덤 (전제 : 최종 코너 및 직선, 추격 활성화, 추월 못함 2초 / 발동 : 최종 직선)",최종 직선,랜덤,,0.45,,,5,,,,,2022년 7월 25일
62,1,계승,속도,,"절대는, 나야","절대는, 나야",絶対は、ボクだ,토카이 테이오(애니),불닭 테이오,,,,"시뮬에선 최종 직선 랜덤 (전제 : 최종 코너 및 직선, 추격 활성화, 추월 못함 2초 / 발동 : 최종 직선)",최종 직선,랜덤,,0.25,,,3,200,,,,2022년 7월 25일
67,2,고유,속도,,최강의 이름을 걸고,최강의 이름을 걸고,最強の名を懸けて,메지로 맥퀸(애니),빙닭 맥퀸,,,,"시뮬에선 최종 직선 랜덤 (최종 코너 및 직선, 후방 1마신 이내, 자신이 추격 대상 1초)",최종 직선,랜덤,,0.35,,,6,,,,,2022년 7월 25일
67,1,계승,속도,,최강의 이름을 걸고,최강의 이름을 걸고,最強の名を懸けて,메지로 맥퀸(애니),빙닭 맥퀸,,,,"시뮬에선 최종 직선 랜덤 (최종 코너 및 직선, 후방 1마신 이내, 자신이 추격 대상 1초)",최종 직선,랜덤,,0.15,,,3.6,200,,,,2022년 7월 25일
2,2,고유,복합,,#LookatCurren,#LookatCurren,#LookatCurren,카렌짱,카렌,,,,,50~65%구간,랜덤,,0.25,0.3,,5,,,,,2022년 8월 10일
2,1,계승,복합,,#LookatCurren,#LookatCurren,#LookatCurren,카렌짱,카렌,,,,,50~65%구간,랜덤,,0.05,0.1,,3,200,,,,2022년 8월 10일
96,2,고유,속도,,Nemesis,Nemesis,Nemesis,나리타 타이신,타이신,,,,"시뮬에선 최종 코너 랜덤 (최종 코너 및 직선, 추격 활성화)",최종 코너,랜덤,,0.35,,,5,,,,,2022년 8월 18일
96,1,계승,속도,,Nemesis,Nemesis,Nemesis,나리타 타이신,타이신,,,,"시뮬에선 최종 코너 랜덤 (최종 코너 및 직선, 추격 활성화)",최종 코너,랜덤,,0.15,,,3,200,,,,2022년 8월 18일
1083,2,레어/상위,가속,,육박하는 그림자,육박하는 그림자,迫る影,,,,,,,스퍼트 후 직선,즉발,,,0.4,,0.9,360,추입,,,2022년 8월 18일
1095,2,레어/상위,속도,,텐션 오르는데!,텐션 오르는데!,アガッてきた！,,,,,,중반 한정이라 쿨타임 못채우고 2번 발동 안함,중반,랜덤,,0.35,,,1.8,340,,,,2022년 8월 18일
24,2,고유,복합,,반짝반짝☆STARDOM,반짝반짝☆STARDOM,キラキラ☆STARDOM,스마트 팔콘,팔코,,,,,중반 직선,즉발,,0.25,0.3,,5,,,,,2022년 8월 26일
24,1,계승,복합,,반짝반짝☆STARDOM,반짝반짝☆STARDOM,キラキラ☆STARDOM,스마트 팔콘,팔코,,,,,중반 직선,즉발,,0.05,0.1,,3,200,,,,2022년 8월 26일
1042,2,레어/상위,속도,,차트 급상승!,차트 급상승!,チャート急上昇！,,,,,,,중반,랜덤,,0.35,,,2.4,360,,더트,,2022년 8월 26일
104,2,고유,속도,,Shadow Break,Shadow Break,Shadow Break,나리타 브라이언,나리브,,,,0.45 속도기로 간주 (전제 : 중반 옆쪽 가로막힘 2초),최종 코너,랜덤,,0.45,,,5,,,,,2022년 9월 5일
104,1,계승,속도,,Shadow Break,Shadow Break,Shadow Break,나리타 브라이언,나리브,,,,0.25 속도기로 간주 (전제 : 중반 옆쪽 가로막힘 2초),최종 코너,랜덤,,0.25,,,3,200,,,,2022년 9월 5일
73,2,고유,속도,,플라워리☆머누버(전방),플라워리☆머누버(전방),フラワリー☆マニューバ(前),마야노 탑건(웨딩),웨딩 마야,,,,,최종 코너,랜덤,,0.35,,,5,,,,,2022년 9월 15일
73,1,계승,속도,,플라워리☆머누버(전방),플라워리☆머누버(전방),フラワリー☆マニューバ(前),마야노 탑건(웨딩),웨딩 마야,,,,,최종 코너,랜덤,,0.15,,,3,200,,,,2022년 9월 15일
74,2,고유,가속,,플라워리☆머누버(후방),플라워리☆머누버(후방),フラワリー☆マニューバ(後),마야노 탑건(웨딩),웨딩 마야,,,,,최종 코너,랜덤,,,0.4,,4,,,,,2022년 9월 15일
74,1,계승,가속,,플라워리☆머누버(후방),플라워리☆머누버(후방),フラワリー☆マニューバ(後),마야노 탑건(웨딩),웨딩 마야,,,,,최종 코너,랜덤,,,0.2,,2.4,200,,,,2022년 9월 15일
80,2,고유,속도,,"훈풍, 영원한 순간을","훈풍, 영원한 순간을",薫風、永遠なる瞬間を,에어 그루브(웨딩),웨딩 그루브,,,,,중반,랜덤,,0.35,,,5,,,,,2022년 9월 15일
80,1,계승,속도,,"훈풍, 영원한 순간을","훈풍, 영원한 순간을",薫風、永遠なる瞬間を,에어 그루브(웨딩),웨딩 그루브,,,,,중반,랜덤,,0.15,,,3,200,,,,2022년 9월 15일
1078,2,레어/상위,속도,,여장부 기질,여장부 기질,姉御肌,,,,,,시뮬에선 중반 랜덤 (추격 활성화),중반,랜덤,,0.35,,,1.8,240,,마일,,2022년 9월 15일
49,2,고유,가속,,앵글링×스키밍,앵글링×스키밍,アングリング×スキーミング,세이운 스카이,세이운,,,,,종반 코너,즉발,,,0.4,,4,,,,,2022년 9월 28일
49,1,계승,가속,,앵글링×스키밍,앵글링×스키밍,アングリング×スキーミング,세이운 스카이,세이운,,,,,종반 코너,즉발,,,0.2,,2.4,200,,,,2022년 9월 28일
21,2,고유,속도,,맞짱! 데드히트!,맞짱! 데드히트!,タイマン！デッドヒート！,히시 아마존,히시아마,,,,"시뮬에선 최종 직선 랜덤 (전제 : 최종 코너 및 직선, 안쪽 레인 말딸 존재, 추월 / 발동 : 최종 직선)",최종 직선,랜덤,,0.35,,,5,,,,,2022년 10월 11일
21,1,계승,속도,,맞짱! 데드히트!,맞짱! 데드히트!,タイマン！デッドヒート！,히시 아마존,히시아마,,,,"시뮬에선 최종 직선 랜덤 (전제 : 최종 코너 및 직선, 안쪽 레인 말딸 존재, 추월 / 발동 : 최종 직선)",최종 직선,랜덤,,0.15,,,3,200,,,,2022년 10월 11일
1041,2,레어/상위,속도,,질풍노도,질풍노도,疾風怒濤,,,,,,,종반,랜덤,,0.35,,,3,360,추입,,,2022년 10월 11일
69,2,고유,가속,,콘도르 맹격파,콘도르 맹격파,コンドル猛撃波,엘 콘도르 파사(판타지),파닭 엘,,,,,최종 코너,랜덤,,,0.4,,4,,,,,2022년 10월 18일
69,1,계승,가속,,콘도르 맹격파,콘도르 맹격파,コンドル猛撃波,엘 콘도르 파사(판타지),파닭 엘,,,,,최종 코너,랜덤,,,0.2,,2.4,200,,,,2022년 10월 18일
1027,2,레어/상위,속도,,내적 체험,내적 체험,内的体験,,,,,,,최종 코너,랜덤,,0.35,,,3,320,,장거리,,2022년 10월 18일
26,2,고유,속도,,반짝이는 별의 보드빌,반짝이는 별의 보드빌,煌星のヴォードヴィル,후지 키세키,키세키,,,,,최종 직선,즉발,,0.45,,,5,,,,,2022년 10월 31일
26,1,계승,속도,,반짝이는 별의 보드빌,반짝이는 별의 보드빌,煌星のヴォードヴィル,후지 키세키,키세키,,,,,최종 직선,즉발,,0.25,,,3,200,,,,2022년 10월 31일
95,2,고유,가속,,KEEP IT REAL.,KEEP IT REAL.,KEEP IT REAL.,골드 시티,시티,,,,시뮬에선 후반 즉발 (추격 활성화),후반,즉발,,,0.3,,6,,,,,2022년 11월 8일
95,1,계승,가속,,KEEP IT REAL.,KEEP IT REAL.,KEEP IT REAL.,골드 시티,시티,,,,시뮬에선 후반 즉발 (추격 활성화),후반,즉발,,,0.1,,3.6,200,,,,2022년 11월 8일
1056,2,레어/상위,가속,,불굴의 정신,불굴의 정신,くじけぬ精神,,,,,,,중반,랜덤,,,0.3,,3,240,선행,,,2022년 11월 8일
22,2,고유,속도,,뭉클하게♪Chu,뭉클하게♪Chu,グッときて♪Chu,마루젠스키(수영복),수루젠,,,,,후반 지구력 회복,특수,,0.35,,,5,,,,,2022년 11월 17일
22,1,계승,속도,,뭉클하게♪Chu,뭉클하게♪Chu,グッときて♪Chu,마루젠스키(수영복),수루젠,,,,,후반 지구력 회복,특수,,0.15,,,3,200,,,,2022년 11월 17일
91,2,고유,복합,,I Never Goof Up!,I Never Goof Up!,I Never Goof Up!,메이쇼 도토,도토,,,,,종반 이후 코너,랜덤,,0.25,0.3,,5,,,,,2022년 11월 30일
91,1,계승,복합,,I Never Goof Up!,I Never Goof Up!,I Never Goof Up!,메이쇼 도토,도토,,,,,종반 이후 코너,랜덤,,0.05,0.1,,3,200,,,,2022년 11월 30일
103,2,고유,속도,,Schwarzes Schwert,Schwarzes Schwert,Schwarzes Schwert,에이신 플래시,에이신,,,,,최종 직선,즉발,,0.35,,,5,,,,,2022년 12월 9일
103,1,계승,속도,,Schwarzes Schwert,Schwarzes Schwert,Schwarzes Schwert,에이신 플래시,에이신,,,,,최종 직선,즉발,,0.15,,,3,200,,,,2022년 12월 9일
29,2,고유,속도,,벼가 곧 무르익노라,벼가 곧 무르익노라,禾スナハチ登ル,마치카네 후쿠키타루(풀아머),풀아머 복순이,,,,시뮬에선 50~60% 구간 랜덤 (자신이 추격 대상 2초),50~60%구간,랜덤,,0.35,,,5,,,,,2022년 12월 19일
29,1,계승,속도,,벼가 곧 무르익노라,벼가 곧 무르익노라,禾スナハチ登ル,마치카네 후쿠키타루(풀아머),풀아머 복순이,,,,시뮬에선 50~60% 구간 랜덤 (자신이 추격 대상 2초),50~60%구간,랜덤,,0.15,,,3,200,,,,2022년 12월 19일
1028,2,레어/상위,속도,,노도의 추격,노도의 추격,怒涛の追い上げ,,,,,,,종반,랜덤,,0.35,,,3,320,,장거리,,2022년 12월 19일
1073,2,레어/상위,복합,,아오하루 연소・근,아오하루 연소・근,アオハル燃焼・根,,,,,,1.1배로 간주 (팀 멤버 합 2600~3599),종반,랜덤,,0.275,0.33,,1.8,400,,,,2022년 12월 19일
1073,1,일반/하위,복합,,아오하루 점화・근,아오하루 점화・근,アオハル点火・根,,,,,,1.1배로 간주 (팀 멤버 합 2600~3599),종반,랜덤,,0.055,0.11,,1.8,200,,,,2022년 12월 19일
1074,2,레어/상위,속도,,아오하루 연소・속,아오하루 연소・속,アオハル燃焼・速,,,,,,1.15배로 간주,중반,랜덤,,0.4025,,,1.8,400,,,,2022년 12월 19일
1074,1,일반/하위,속도,,아오하루 점화・속,아오하루 점화・속,アオハル点火・速,,,,,,1.15배로 간주,중반,랜덤,,0.1725,,,1.8,200,,,,2022년 12월 19일
1075,2,레어/상위,가속,,아오하루 연소・역,아오하루 연소・역,アオハル燃焼・力,,,,,,1.1배로 간주 (팀 멤버 합 2600~3599),종반,랜덤,,,0.44,,1.2,400,,,,2022년 12월 19일
1075,1,일반/하위,가속,,아오하루 점화・역,아오하루 점화・역,アオハル点火・力,,,,,,1.1배로 간주 (팀 멤버 합 2600~3599),종반,랜덤,,,0.22,,1.2,200,,,,2022년 12월 19일
92,2,고유,복합,,I'M☆FULL☆SPEED!!,I'M☆FULL☆SPEED!!,I'M☆FULL☆SPEED!!,히시 아케보노,보노,,,,,"45~60%구간, 스태미너 70%",즉발,,0.25,0.3,,5,,,,,2022년 12월 30일
92,1,계승,복합,,I'M☆FULL☆SPEED!!,I'M☆FULL☆SPEED!!,I'M☆FULL☆SPEED!!,히시 아케보노,보노,,,,,"45~60%구간, 스태미너 70%",즉발,,0.05,0.1,,3,200,,,,2022년 12월 30일
1104,2,레어/상위,가속,,준비 완료!,준비 완료!,準備万全！,,,,,,,중반,랜덤,,,0.3,,3,280,,단거리,,2022년 12월 30일
64,2,고유,속도,,존귀☆라스트 스퍼—(ﾟ∀ﾟ)—트!,존귀☆라스트 스퍼—(ﾟ∀ﾟ)—트!,尊み☆ﾗｽﾄｽﾊﾟ━━(ﾟ∀ﾟ)━━ﾄ!,아그네스 디지털,디지털,,,,시뮬에선 종반 랜덤 (종반 이후 추월 2번),종반,랜덤,,0.35,,,5,,,,,2023년 1월 9일
64,1,계승,속도,,존귀☆라스트 스퍼—(ﾟ∀ﾟ)—트!,존귀☆라스트 스퍼—(ﾟ∀ﾟ)—트!,尊み☆ﾗｽﾄｽﾊﾟ━━(ﾟ∀ﾟ)━━ﾄ!,아그네스 디지털,디지털,,,,시뮬에선 종반 랜덤 (종반 이후 추월 2번),종반,랜덤,,0.15,,,3,200,,,,2023년 1월 9일
1051,2,레어/상위,가속,,목표는 맨 앞줄!,목표는 맨 앞줄!,狙うは最前列！,,,,,,,종반,랜덤,,,0.3,,3,280,,더트,,2023년 1월 9일
1051,1,일반/하위,가속,,앞줄 겨냥,앞줄 겨냥,前列狙い,,,,,,,종반,랜덤,,,0.2,,3,140,,더트,,2023년 1월 9일
1081,2,레어/상위,속도,,우마무스메 마니아,우마무스메 마니아,ウママニア,,,,,,시뮬에선 스타트 5초 후 즉발 (인접 3명),스타트 5초 후,즉발,,0.35,,,3,320,,,,2023년 1월 9일
39,2,고유,복합,,빙글빙글 머미 트릭♡,빙글빙글 머미 트릭♡,ぐるぐるマミートリック♡,슈퍼 크릭(할로윈),할크릭,,,,시뮬에선 최종 직선 즉발 (전방 1마신 이내),최종 직선,즉발,,0.25,0.3,,5,,,,,2023년 1월 18일
39,1,계승,복합,,빙글빙글 머미 트릭♡,빙글빙글 머미 트릭♡,ぐるぐるマミートリック♡,슈퍼 크릭(할로윈),할크릭,,,,시뮬에선 최종 직선 즉발 (전방 1마신 이내),최종 직선,즉발,,0.05,0.1,,3,200,,,,2023년 1월 18일
1098,2,레어/상위,속도,,백만 마력,백만 마력,百万バリキ,,,,,,,무작위 오르막,랜덤,,0.35,,,2.4,240,선입,,,2023년 1월 18일
5,2,고유,속도,,"공주라면, 우승을 이 손에","공주라면, 우승을 이 손에",姫たるもの、勝利をこの手に,카와카미 프린세스,카와카미,,,,시뮬에선 최종 직선 즉발 (옆쪽 가로막힘 2초),최종 직선,즉발,,0.35,,,5,,,,,2023년 1월 30일
5,1,계승,속도,,"공주라면, 우승을 이 손에","공주라면, 우승을 이 손에",姫たるもの、勝利をこの手に,카와카미 프린세스,카와카미,,,,시뮬에선 최종 직선 즉발 (옆쪽 가로막힘 2초),최종 직선,즉발,,0.15,,,3,200,,,,2023년 1월 30일
13,2,고유,속도,,당신을・뒤쫓아서,당신을・뒤쫓아서,アナタヲ・オイカケテ,맨하탄 카페,카페,,,,,후반,즉발,,0.25,,,6,,,,,2023년 2월 8일
13,1,계승,속도,,당신을・뒤쫓아서,당신을・뒤쫓아서,アナタヲ・オイカケテ,맨하탄 카페,카페,,,,,후반,즉발,,0.05,,,3.6,200,,,,2023년 2월 8일
1005,2,레어/상위,속도,,결사의 각오,결사의 각오,決死の覚悟,,,,,,,스퍼트 후 직선,즉발,,0.35,,,2.4,320,,중거리,,2023년 2월 8일
1005,1,일반/하위,속도,,남김 없이,남김 없이,ありったけ,,,,,,,스퍼트 후 직선,즉발,,0.15,,,2.4,160,,중거리,,2023년 2월 8일
51,2,고유,속도,,어스름이 물러서는 떠들썩한 화살,어스름이 물러서는 떠들썩한 화살,翳り退く、さざめきの矢,심볼리 루돌프(축제),한조 루돌프,,,,"시뮬에선 최종 코너 즉발 (최종 코너 및 직선, 자신이 추격 대상 2초)",최종 코너,즉발,,0.35,,,5,,,,,2023년 2월 16일
51,1,계승,속도,,어스름이 물러서는 떠들썩한 화살,어스름이 물러서는 떠들썩한 화살,翳り退く、さざめきの矢,심볼리 루돌프(축제),한조 루돌프,,,,"시뮬에선 최종 코너 즉발 (최종 코너 및 직선, 자신이 추격 대상 2초)",최종 코너,즉발,,0.15,,,3,200,,,,2023년 2월 16일
87,2,고유,복합,,GET DOWN,GET DOWN,GET DOWN,골드 시티(축제),가을 시티,,,,시뮬에선 최종 코너 즉발 (옆쪽 가로막힘 2초),최종 코너,즉발,,0.25,0.3,,5,,,,,2023년 2월 16일
87,1,계승,복합,,GET DOWN,GET DOWN,GET DOWN,골드 시티(축제),가을 시티,,,,시뮬에선 최종 코너 즉발 (옆쪽 가로막힘 2초),최종 코너,즉발,,0.05,0.1,,3,200,,,,2023년 2월 16일
,,레어/상위,녹딱,,,스피드 파워 60,,,,,,,,,즉발,,,,,,,,,,2023년 2월 16일
109,2,고유,속도,,YEAH☆VIVID TIME!,YEAH☆VIVID TIME!,YEAH☆VIVID TIME!,토센 조던,조던,,,,시뮬에선 최종 직선 즉발 (추월 or 자신이 추격 대상 2초),최종 직선,즉발,,0.35,,,5,,,,,2023년 2월 27일
109,1,계승,속도,,YEAH☆VIVID TIME!,YEAH☆VIVID TIME!,YEAH☆VIVID TIME!,토센 조던,조던,,,,시뮬에선 최종 직선 즉발 (추월 or 자신이 추격 대상 2초),최종 직선,즉발,,0.15,,,3,200,,,,2023년 2월 27일
61,2,고유,가속,,"저편, 그 너머로…","저편, 그 너머로…",彼方、その先へ…,메지로 도베르,도베르,,,,,최종 코너 or 종반 코너,즉발,,,0.4,,4,,,,,2023년 3월 10일
61,1,계승,가속,,"저편, 그 너머로…","저편, 그 너머로…",彼方、その先へ…,메지로 도베르,도베르,,,,,최종 코너 or 종반 코너,즉발,,,0.2,,2.4,200,,,,2023년 3월 10일
71,2,고유,복합,,크리스마스 이브의 미라클 런!,크리스마스 이브의 미라클 런!,聖夜のミラクルラン！,오구리 캡(크리스마스),클구리,,,,,후반 지구력 회복 3회,특수,,0.25,0.3,3.5,5,,,,,2023년 3월 20일
71,2,고유,복합,,크리스마스 이브의 미라클 런!(777),크리스마스 이브의 미라클 런!(777),聖夜のミラクルラン！(777),오구리 캡(크리스마스),클구리,,,,,후반 지구력 회복 3회,특수,,0.25,0.3,3.5,5,,,,,2023년 3월 20일
71,2,고유,복합,,크리스마스 이브의 미라클 런!(두근두근),크리스마스 이브의 미라클 런!(두근두근),聖夜のミラクルラン！(ワクワク),오구리 캡(크리스마스),클구리,,,,,후반 지구력 회복 3회,특수,,0.25,0.3,3.5,5,,,,,2023년 3월 20일
71,2,고유,복합,,크리스마스 이브의 미라클 런!(말괄량이),크리스마스 이브의 미라클 런!(말괄량이),聖夜のミラクルラン！(じゃじゃウマ),오구리 캡(크리스마스),클구리,,,,,후반 지구력 회복 3회,특수,,0.25,0.3,3.5,5,,도주,,,2023년 3월 20일
71,2,고유,복합,,크리스마스 이브의 미라클 런!(하굣길),크리스마스 이브의 미라클 런!(하굣길),聖夜のミラクルラン！(下校),오구리 캡(크리스마스),클구리,,,,,후반 지구력 회복 3회,특수,,0.25,0.3,3.5,5,,추입,,,2023년 3월 20일
71,2,고유,복합,,크리스마스 이브의 미라클 런!(U=ma2),크리스마스 이브의 미라클 런!(U=ma2),聖夜のミラクルラン！(U=ma2),오구리 캡(크리스마스),클구리,,,,,후반 지구력 회복 3회,특수,,0.25,0.3,3.5,5,,,,,2023년 3월 20일
71,1,계승,복합,,크리스마스 이브의 미라클 런!,크리스마스 이브의 미라클 런!,聖夜のミラクルラン！,오구리 캡(크리스마스),클구리,,,,,후반 지구력 회복 3회,특수,,0.05,0.1,0.5,3,200,,,,2023년 3월 20일
71,1,계승,복합,,크리스마스 이브의 미라클 런!(777),크리스마스 이브의 미라클 런!(777),聖夜のミラクルラン！(777),오구리 캡(크리스마스),클구리,,,,,후반 지구력 회복 3회,특수,,0.05,0.1,0.5,3,200,,,,2023년 3월 20일
71,1,계승,복합,,크리스마스 이브의 미라클 런!(두근두근),크리스마스 이브의 미라클 런!(두근두근),聖夜のミラクルラン！(ワクワク),오구리 캡(크리스마스),클구리,,,,,후반 지구력 회복 3회,특수,,0.05,0.1,0.5,3,200,,,,2023년 3월 20일
71,1,계승,복합,,크리스마스 이브의 미라클 런!(말괄량이),크리스마스 이브의 미라클 런!(말괄량이),聖夜のミラクルラン！(じゃじゃウマ),오구리 캡(크리스마스),클구리,,,,,후반 지구력 회복 3회,특수,,0.05,0.1,0.5,3,200,도주,,,2023년 3월 20일
71,1,계승,복합,,크리스마스 이브의 미라클 런!(하굣길),크리스마스 이브의 미라클 런!(하굣길),聖夜のミラクルラン！(下校),오구리 캡(크리스마스),클구리,,,,,후반 지구력 회복 3회,특수,,0.05,0.1,0.5,3,200,추입,,,2023년 3월 20일
71,1,계승,복합,,크리스마스 이브의 미라클 런!(U=ma2),크리스마스 이브의 미라클 런!(U=ma2),聖夜のミラクルラン！(U=ma2),오구리 캡(크리스마스),클구리,,,,,후반 지구력 회복 3회,특수,,0.05,0.1,0.5,3,200,,,,2023년 3월 20일
99,2,고유,속도,,Presents from X,Presents from X,Presents from X,비와 하야히데(크리스마스),클비와,,,,,후반,즉발,,0.35,,,5,,,,,2023년 3월 20일
99,1,계승,속도,,Presents from X,Presents from X,Presents from X,비와 하야히데(크리스마스),클비와,,,,,후반,즉발,,0.15,,,3,200,,,,2023년 3월 20일
1088,1,일반/하위,가속,,정면 승부,정면 승부,真っ向勝負,,,,,,,종반,랜덤,,,0.2,,1.8,180,선행,,,2023년 3월 20일
85,2,고유,속도,,Fairy tale,Fairy tale,Fairy tale,파인 모션,파인,,,,시뮬에선 50~83% 구간 랜덤,50~83%구간,랜덤,,0.35,,,5,,,,,2023년 4월 4일
85,1,계승,속도,,Fairy tale,Fairy tale,Fairy tale,파인 모션,파인,,,,시뮬에선 50~83% 구간 랜덤,50~83%구간,랜덤,,0.15,,,3,200,,,,2023년 4월 4일
76,2,고유,복합,,"하얀 번개, 보여 주꾸마!","하얀 번개, 보여 주꾸마!",白い稲妻、見せたるで！,타마모 크로스,타마모,,,,시뮬에선 후반 직선 즉발 (추격 활성화),후반 직선,즉발,,0.35,0.1,,5,,,,,2023년 4월 12일
76,1,계승,복합,,"하얀 번개, 보여 주꾸마!","하얀 번개, 보여 주꾸마!",白い稲妻、見せたるで！,타마모 크로스,타마모,,,,시뮬에선 후반 직선 즉발 (추격 활성화),후반 직선,즉발,,0.15,0.05,,3,200,,,,2023년 4월 12일
1023,2,레어/상위,속도,,꼬리 솟구쳐 오르기,꼬리 솟구쳐 오르기,尻尾の滝登り,,,,,,중반 회복기 3개로 시뮬,중반 스킬 3회,특수,,0.35,,,3,280,,,,2023년 4월 12일
4,2,고유,속도,,113전 114기,113전 114기,113転び114起き,하루 우라라(신년),뉴라라,,,,6초 지속으로 간주 (선두와 10마신 이상),최종 코너,즉발,,0.25,,,6,,,,,2023년 4월 21일
4,1,계승,속도,,113전 114기,113전 114기,113転び114起き,하루 우라라(신년),뉴라라,,,,3.6초 지속으로 간주 (선두와 10마신 이상),최종 코너,즉발,,0.05,,,3.6,200,,,,2023년 4월 21일
31,2,고유,속도,,복을 베푸는 바르카롤,복을 베푸는 바르카롤,恵福バルカローレ,티엠 오페라 오(신년),뉴페라,,,,0.45 속도기로 간주 (스킬 발동 7개 이상),400m,즉발,,0.45,,,4,,,,,2023년 4월 21일
31,1,계승,속도,,복을 베푸는 바르카롤,복을 베푸는 바르카롤,恵福バルカローレ,티엠 오페라 오(신년),뉴페라,,,,0.25 속도기로 간주 (스킬 발동 7개 이상),400m,즉발,,0.25,,,2.4,200,,,,2023년 4월 21일
1002,2,레어/상위,속도,,강공책,강공책,強攻策,,,,,,,중반,랜덤,,0.25,,,4,360,추입,,,2023년 4월 21일
1029,2,레어/상위,속도,,노력의 결정체,노력의 결정체,真打,,,,,,,중반의 후반,랜덤,,0.35,,,2.4,320,,장거리,,2023년 4월 21일
1029,1,일반/하위,속도,,노력의 결과,노력의 결과,影打,,,,,,,중반의 후반,랜덤,,0.15,,,2.4,160,,장거리,,2023년 4월 21일
1103,2,레어/상위,속도,,도박사,도박사,博打うち,,,,,,,후반,랜덤,,0.45,,,1.8,240,,,,2023년 5월 2일
1103,1,일반/하위,속도,,수상한 작전,수상한 작전,あやしげな作戦,,,,,,,후반,랜덤,,0.25,,,1.8,120,,,,2023년 5월 2일
14,2,고유,속도,,동경은 벚꽃을 넘는다!,동경은 벚꽃을 넘는다!,憧れは桜を越える！,사쿠라 치요노 오,치요노,,,,,300m,즉발,,0.35,,,5,,,,,2023년 5월 11일
14,1,계승,속도,,동경은 벚꽃을 넘는다!,동경은 벚꽃을 넘는다!,憧れは桜を越える！,사쿠라 치요노 오,치요노,,,,,300m,즉발,,0.15,,,3,200,,,,2023년 5월 11일
53,2,고유,복합,,오퍼레이션・Cacao,오퍼레이션・Cacao,オペレーション・Cacao,미호노 부르봉(발렌타인),초코봉,,,,,중반 코너,즉발,,0.35,,1.5,5,,,,,2023년 5월 19일
53,1,계승,복합,,오퍼레이션・Cacao,오퍼레이션・Cacao,オペレーション・Cacao,미호노 부르봉(발렌타인),초코봉,,,,,중반 코너,즉발,,0.15,,0.35,3,200,,,,2023년 5월 19일
89,2,고유,속도,,Guten Appetit♪,Guten Appetit♪,Guten Appetit♪,에이신 플래시(발렌타인),초코신,,,,,최종 직선,즉발,,0.35,,,6,,,,,2023년 5월 19일
89,1,계승,속도,,Guten Appetit♪,Guten Appetit♪,Guten Appetit♪,에이신 플래시(발렌타인),초코신,,,,,최종 직선,즉발,,0.15,,,3.6,200,,,,2023년 5월 19일
1001,2,레어/상위,속도,,의기충천,의기충천,意気衝天,,,,,,,중반의 후반,랜덤,,0.35,,,2.4,320,,단거리,,2023년 5월 19일
1001,1,일반/하위,속도,,가벼운 발걸음,가벼운 발걸음,軽い足取り,,,,,,,중반의 후반,랜덤,,0.15,,,2.4,160,,단거리,,2023년 5월 19일
1010,3,레어/상위,속도,,광망일섬,광망일섬,光芒一閃,,,,,,,무작위 직선,랜덤,,0.35,,,3,360,,중거리,,2023년 5월 19일
60,2,고유,복합,,"일생의 꿈, 찰나의 비상","일생의 꿈, 찰나의 비상",一期の夢、刹那の飛翔,메지로 아르당,아르당,,,,,최종 직선,즉발,,0.45,,-1,4,,,,,2023년 5월 30일
60,1,계승,복합,,"일생의 꿈, 찰나의 비상","일생의 꿈, 찰나의 비상",一期の夢、刹那の飛翔,메지로 아르당,아르당,,,,,최종 직선,즉발,,0.25,,-1,2.4,200,,,,2023년 5월 30일
17,2,고유,속도,,디오스쿠로이의 유성,디오스쿠로이의 유성,ディオスクロイの流星,어드마이어 베가,아야베,,,,0.45 속도기로 간주 (선두와 2마신 이상),최종 직선,즉발,,0.45,,,5,,,,,2023년 6월 7일
17,1,계승,속도,,디오스쿠로이의 유성,디오스쿠로이의 유성,ディオスクロイの流星,어드마이어 베가,아야베,,,,0.25 속도기로 간주 (선두와 2마신 이상),최종 직선,즉발,,0.25,,,3,200,,,,2023년 6월 7일
19,2,고유,복합,,"땅, 팟, 뭉","땅, 팟, 뭉",どんっ、パッ、むんっ,마치카네 탄호이저,마치땅,,,,,후반,즉발,,0.25,,5.5,5,,,,,2023년 6월 15일
19,1,계승,복합,,"땅, 팟, 뭉","땅, 팟, 뭉",どんっ、パッ、むんっ,마치카네 탄호이저,마치땅,,,,,후반,즉발,,0.05,,1.5,3,200,,,,2023년 6월 15일
47,2,고유,복합,,승리의 함성 어기여차!,"승리의 함성, 어기여차!",勝ち鬨ワッショイ！,키타산 블랙,키타산,,,,속가 복합기로 간주 (결승선 반대편 직선),후반 3코너 or 종반 반대편 직선,즉발,,0.25,0.3,,5,,,,,2023년 6월 15일
47,1,계승,복합,,승리의 함성 어기여차!,"승리의 함성, 어기여차!",勝ち鬨ワッショイ！,키타산 블랙,키타산,,,,속가 복합기로 간주 (결승선 반대편 직선),후반 3코너 or 종반 반대편 직선,즉발,,0.05,0.1,,3,200,,,,2023년 6월 15일
1017,2,레어/상위,복합,,샛별,샛별,一番星,,,,,,1.2배로 간주 (25승 이상),후반,랜덤,,0.3,0.36,,1.2,400,,,,2023년 6월 15일
1017,1,일반/하위,복합,,기라성,기라성,綺羅星,,,,,,1.2배로 간주 (25승 이상),후반,랜덤,,0.06,0.12,,1.2,200,,,,2023년 6월 15일
1079,3,레어/상위,속도,,열풍일섬,열풍일섬,烈風一閃,,,,,,,무작위 직선,랜덤,,0.35,,,3,360,,장거리,,2023년 6월 15일
,,레어/상위,녹딱,,,스피드 80,,,,,,,단독◎,,즉발,,,,,,,,,,2023년 6월 15일
50,2,고유,속도,,어둠을 비추어라 영원한 빛,어둠을 비추는 영원한 반짝임,晦冥を照らせ永遠の耀き,사토노 다이아몬드,다이아,,,,0.45 속도기로 간주 (선두와 2마신 이하),최종 직선,즉발,,0.45,,,5,,,,,2023년 6월 26일
50,1,계승,속도,,어둠을 비추어라 영원한 빛,어둠을 비추는 영원한 반짝임,晦冥を照らせ永遠の耀き,사토노 다이아몬드,다이아,,,,0.25 속도기로 간주 (선두와 2마신 이하),최종 직선,즉발,,0.25,,,3,200,,,,2023년 6월 26일
48,2,고유,속도,,아름다운 꽃소식을 알리는 바람,아름다운 화신풍,麗しき花信風,메지로 브라이트,브라이트,,,,잔여 스태미나에 따라 지속시간 다르므로 주의,후반,랜덤,,0.15,,,5,,,,,2023년 7월 7일
48,1,계승,속도,,아름다운 꽃소식을 알리는 바람,아름다운 화신풍,麗しき花信風,메지로 브라이트,브라이트,,,,잔여 스태미나에 따라 지속시간 다르므로 주의,후반,랜덤,,0.035,,,3,200,,,,2023년 7월 7일
1084,2,레어/상위,속도,,일본 최고의 우마무스메,일본 최고의 우마무스메,日本一のウマ娘,,,,,,,최종 코너,랜덤,,0.35,,,3,360,,장거리,,2023년 7월 7일
84,2,고유,복합,,Do Ya Breakin!,Do Ya Breakin!,Do Ya Breakin!,세이운 스카이(무도회),댄싱운,,,,속가 복합기로 간주 (결승선 반대편 직선),종반 직선,즉발,,0.35,0.1,,5,,,,,2023년 7월 18일
84,1,계승,복합,,Do Ya Breakin!,Do Ya Breakin!,Do Ya Breakin!,세이운 스카이(무도회),댄싱운,,,,속가 복합기로 간주 (결승선 반대편 직선),종반 직선,즉발,,0.15,0.05,,3,200,,,,2023년 7월 18일
102,2,고유,속도,,Ravissant,Ravissant,Ravissant,후지 키세키(무도회),댄싱 키세키,,,,시뮬에선 최종 코너 즉발 (추월),최종 코너,즉발,,0.45,,,4,,,,,2023년 7월 18일
102,1,계승,속도,,Ravissant,Ravissant,Ravissant,후지 키세키(무도회),댄싱 키세키,,,,시뮬에선 최종 코너 즉발 (추월),최종 코너,즉발,,0.25,,,2.4,200,,,,2023년 7월 18일
1006,1,일반/하위,속도,,앞으로 기우뚱,앞으로 기우뚱,前のめり,,,,,,,중반,랜덤,,0.15,,,2.4,160,,중거리,,2023년 7월 18일
1018,2,레어/상위,가속,,기사회생,기사회생,起死回生,,,,,,,종반,랜덤,,,0.4,,1.2,320,,,,2023년 7월 18일
1018,1,일반/하위,가속,,원 찬스,원 찬스,ワンチャンス,,,,,,,종반,랜덤,,,0.2,,1.2,160,,,,2023년 7월 18일
1021,2,레어/상위,복합,,기염만장,기염만장,気炎万丈,,,,,,,중반,랜덤,,0.25,,3.5,1.8,320,,중거리,,2023년 7월 18일
1021,1,일반/하위,복합,,투쟁심,투쟁심,闘争心,,,,,,,중반,랜덤,,0.15,,0.5,1.8,160,,중거리,,2023년 7월 18일
1060,2,레어/상위,속도,,톱 러너,톱 러너,トップランナー,,,,,,시뮬에선 9~25% 구간 랜덤,9~25%,랜덤,,0.35,,,3,360,도주,,,2023년 7월 18일
8,2,고유,가속,,,"꽃봉오리, 피어날 때",つぼみ、ほころぶ時,니시노 플라워,니시노,,,,,종반 최종 코너 후반 or 종반 최종 직선,즉발,,,0.4,,4,,,,,2023년 7월 31일
8,1,계승,가속,,,"꽃봉오리, 피어날 때",つぼみ、ほころぶ時,니시노 플라워,니시노,,,,,종반 최종 코너 후반 or 종반 최종 직선,즉발,,,0.2,,2.4,200,,,,2023년 7월 31일
1088,2,레어/상위,가속,,,치열한 접전,鍔迫り合い,,,,,,,종반,랜덤,,,0.4,,1.8,360,선행,,,2023년 7월 31일
52,2,고유,속도,,,"열화요란, 무적의 춤",烈火繚乱、無敵之舞,야에노 무테키,무테키,,,,,300m,즉발,,0.35,,,5,,,,,2023년 8월 8일
52,1,계승,속도,,,"열화요란, 무적의 춤",烈火繚乱、無敵之舞,야에노 무테키,무테키,,,,,300m,즉발,,0.15,,,3,200,,,,2023년 8월 8일
58,2,고유,가속,,,울려퍼져라! 트레센 응원단!!,轟！トレセン応援団！！,킹 헤일로(치어리더),응원킹,,,,,최종 직선,즉발,,,0.4,,4,,,,,2023년 8월 17일
58,1,계승,가속,,,울려퍼져라! 트레센 응원단!!,轟！トレセン応援団！！,킹 헤일로(치어리더),응원킹,,,,,최종 직선,즉발,,,0.2,,2.4,200,,,,2023년 8월 17일
88,2,고유,속도,,,Go☆Go☆for it!,Go☆Go☆for it!,나이스 네이처(치어리더),치어 네짱,,,,6초 지속으로 간주 (인기순위 4 이상),최종 직선,즉발,,0.35,,,6,,,,,2023년 8월 17일
88,1,계승,속도,,,Go☆Go☆for it!,Go☆Go☆for it!,나이스 네이처(치어리더),치어 네짱,,,,3.6초 지속으로 간주 (인기순위 4 이상),최종 직선,즉발,,0.15,,,3.6,200,,,,2023년 8월 17일
1022,2,레어/상위,속도,,,파죽지세,破竹の勢い,,,,,,,최종 코너,랜덤,,0.35,,,1.8,320,,마일,,2023년 8월 17일
1022,1,일반/하위,속도,,,기합충분,気合十分,,,,,,,최종 코너,랜덤,,0.15,,,1.8,160,,마일,,2023년 8월 17일
1035,2,레어/상위,복합,,,대담무쌍,大胆不敵,,,,,,,후반,랜덤,,0.35,0.1,,1.8,360,선입,,,2023년 8월 17일
1035,1,일반/하위,복합,,,두려워하지 않는 마음,恐れぬ心,,,,,,,후반,랜덤,,0.15,0.05,,1.8,180,선입,,,2023년 8월 17일
66,2,고유,속도,,,차지 완료! 전속 전진!,チャージ完了！全速前進！,아이네스 후진,후진,,,,0.45 속도기로 간주 (도쿄 경기장),300m 오르막 끝,즉발,,0.45,,,5,,,,,2023년 8월 29일
66,1,계승,속도,,,차지 완료! 전속 전진!,チャージ完了！全速前進！,아이네스 후진,후진,,,,,300m 오르막 끝,즉발,,0.25,,,3,200,,,,2023년 8월 29일
1004,2,레어/상위,속도,,,거친 선풍,荒ぶる旋風,,,,,,,중반,랜덤,,0.35,,,1.8,320,,중거리,,2023년 8월 29일
1004,1,일반/하위,속도,,,기백을 넣고서,気迫を込めて,,,,,,,중반,랜덤,,0.15,,,1.8,160,,중거리,,2023년 8월 29일
18,2,고유,복합,,,따돌리기 로드,ぶっちぎりロード,메지로 파머,파머,,,,,후반,즉발,,0.25,,5.5,6,,,,,2023년 9월 8일
18,1,계승,복합,,,따돌리기 로드,ぶっちぎりロード,메지로 파머,파머,,,,,후반,즉발,,0.05,,1.5,3.6,200,,,,2023년 9월 8일
1049,2,레어/상위,속도,,,먼저 갑니다!,お先に失礼っ！,,,,,,시뮬에선 중반 한정이기 때문에 2번 발동 안함,중반,랜덤,,0.35,,,3,320,,,,2023년 9월 8일
82,2,고유,복합,,,Best day ever,Best day ever,파인 모션(웨딩),웨딩 파인,,,,속가 복합기로 간주 (남은거리 400m 이상),종반 최종 코너,즉발,,0.35,0.1,,5,,,,,2023년 9월 18일
82,1,계승,복합,,,Best day ever,Best day ever,파인 모션(웨딩),웨딩 파인,,,,속가 복합기로 간주 (남은거리 400m 이상),종반 최종 코너,즉발,,0.15,0.05,,3,200,,,,2023년 9월 18일
98,2,고유,복합,,,One True Color,One True Color,카렌짱(웨딩),흑카렌,,,,시뮬에선 350m 즉발 (후방 1마신 이내),350m,즉발,,0.25,0.3,,5,,,,,2023년 9월 18일
98,1,계승,복합,,,One True Color,One True Color,카렌짱(웨딩),흑카렌,,,,시뮬에선 350m 즉발 (후방 1마신 이내),350m,즉발,,0.05,0.1,,3,200,,,,2023년 9월 18일
1080,2,레어/상위,복합,,,용왕매진,勇往邁進,,,,,,,중반,랜덤,,0.45,,-4,2.4,320,선입,,,2023년 9월 24일
1080,1,일반/하위,복합,,,풀 스로틀,フルスロットル,,,,,,,중반,랜덤,,0.25,,-4,2.4,160,선입,,,2023년 9월 24일
70,2,고유,속도,,,"쾌주로다, 쾌주로다!",快走かな、快走かな！,이나리 원,이나리,,,,시뮬에선 최종 직선 랜덤 (종반 근성 경쟁 1회),최종 직선,랜덤,,0.45,,,5,,,,,2023년 9월 29일
70,1,계승,속도,,,"쾌주로다, 쾌주로다!",快走かな、快走かな！,이나리 원,이나리,,,,시뮬에선 최종 직선 랜덤 (종반 근성 경쟁 1회),최종 직선,랜덤,,0.25,,,3,200,,,,2023년 9월 29일
27,2,고유,속도,,,받아가겠어☆스트렐리치아!,いただき☆ストレリチア！,스윕 토쇼,스위삐,,,,,300m,즉발,,0.35,,,6,,,,,2023년 10월 9일
27,1,계승,속도,,,받아가겠어☆스트렐리치아!,いただき☆ストレリチア！,스윕 토쇼,스위삐,,,,,300m,즉발,,0.15,,,3.6,200,,,,2023년 10월 9일
43,2,고유,속도,,,설렘이 부르는 쪽으로,ときめきが呼ぶほうへ,메지로 도베르(캠핑),캠핑 도베르,,,,,중반 60%~500m 내리막,즉발,,0.35,,,5,,,,,2023년 10월 19일
43,1,계승,속도,,,설렘이 부르는 쪽으로,ときめきが呼ぶほうへ,메지로 도베르(캠핑),캠핑 도베르,,,,,중반 60%~500m 내리막,즉발,,0.15,,,3,200,,,,2023년 10월 19일
94,2,고유,속도,,,Joyful Voyage!,Joyful Voyage!,타이키 셔틀(캠핑),캠핑 타이키,,,,,200m,즉발,0.15,0.35,,,5,,,,,2023년 10월 19일
94,1,계승,속도,,,Joyful Voyage!,Joyful Voyage!,타이키 셔틀(캠핑),캠핑 타이키,,,,,200m,즉발,0.035,0.15,,,3,200,,,,2023년 10월 19일
107,2,고유,속도,,,trigger:BEAT,trigger:BEAT,에어 샤커,샤커,,,,,최종 직선,즉발,,0.35,,,5,,,,,2023년 10월 30일
107,1,계승,속도,,,trigger:BEAT,trigger:BEAT,에어 샤커,샤커,,,,,최종 직선,즉발,,0.15,,,3,200,,,,2023년 10월 30일
1006,2,레어/상위,속도,,고양감,고양감,高揚感,,,,,,,중반,랜덤,,0.35,,,2.4,320,,중거리,,2023년 10월 30일
1082,3,레어/상위,속도,,,월영일섬,月影一閃,,,,,,,무작위 직선,랜덤,,0.35,,,3,420,추입,,,2023년 10월 30일
59,2,고유,속도,,,"위풍당당, 아름다운 꿈!",威風堂々、夢錦！,스페셜 위크(총대장),총스페,,,,0.45 속도기로 간주 (나카야마). 두근두근 클라이맥스로 시뮬,종반 최종 코너 스킬 1회,특수,,0.45,,,5,,,,나카야마,2023년 11월 8일
59,1,계승,속도,,,"위풍당당, 아름다운 꿈!",威風堂々、夢錦！,스페셜 위크(총대장),총스페,,,,0.25 속도기로 간주 (나카야마). 두근두근 클라이맥스로 시뮬,종반 최종 코너 스킬 1회,특수,,0.25,,,3,200,,,나카야마,2023년 11월 8일
1009,3,레어/상위,속도,,,광망원인,光芒円刃,,,,,,,무작위 코너,랜덤,,0.35,,,3,360,,중거리,,2023년 11월 8일
25,2,고유,속도,,,"반짝이는 건 바다, 눈부신 건 그대",きらめくは海、まばゆきは君,메지로 맥퀸(수영복),수맥퀸,,,,잔여 스태미나에 따라 지속시간 다르므로 주의,후반,랜덤,,0.15,,,5,,,,,2023년 11월 17일
25,1,계승,속도,,,"반짝이는 건 바다, 눈부신 건 그대",きらめくは海、まばゆきは君,메지로 맥퀸(수영복),수맥퀸,,,,잔여 스태미나에 따라 지속시간 다르므로 주의,후반,랜덤,,0.035,,,3,200,,,,2023년 11월 17일
112,2,고유,속도,,,Adventure of 564,Adventure of 564,,,,,,,후반,랜덤,,0.15,,,5,,,,,2023년 11월 17일
112,1,계승,속도,,,Adventure of 564,Adventure of 564,,,,,,,후반,랜덤,,0.035,,,3,200,,,,2023년 11월 17일
111,2,고유,가속,,,열혈!! 풍기 어택,熱血！！風紀アタック,,,,,,"시뮬에선 최종 코너 즉발, ? 가속 ?초 지속으로 간주",최종 코너,즉발,,,0.4,,5,,,,,2023년 11월 29일
111,1,계승,가속,,,열혈!! 풍기 어택,熱血！！風紀アタック,,,,,,"시뮬에선 최종 코너 즉발, ? 가속 ?초 지속으로 간주",최종 코너,즉발,,,0.2,,2.7,200,,,,2023년 11월 29일
57,2,고유,속도,,,운을 열어젖혀 날아오르리,理運開かりて翔る,코파노 리키,릿키,,,,,중반의 후반,특수,,0.25,,,5,,,,,2023년 12월 8일
57,2,고유,속도,,,운을 열어젖혀 날아오르리(0~2),理運開かりて翔る(0~2),코파노 리키,릿키,,,,,중반의 후반,특수,,0.25,,,5,,,,,2023년 12월 8일
57,2,고유,복합,,,운을 열어젖혀 날아오르리(3~4),理運開かりて翔る(3~4),코파노 리키,릿키,,,,스태미나 패시브 3개로 시뮬,중반의 후반,특수,,0.3,0.05,,5,,,,,2023년 12월 8일
57,2,고유,복합,,,운을 열어젖혀 날아오르리(5),理運開かりて翔る(5),코파노 리키,릿키,,,,"스태미나 패시브 4개, 날씨○ 로 시뮬",중반의 후반,특수,,0.35,0.1,,5,,,,,2023년 12월 8일
57,2,고유,복합,,,운을 열어젖혀 날아오르리(6),理運開かりて翔る(6),코파노 리키,릿키,,,,"스태미나 패시브 4개, 날씨○, 집중마크○ 로 시뮬",중반의 후반,특수,,0.4,0.15,,5,,,,,2023년 12월 8일
57,1,계승,속도,,,운을 열어젖혀 날아오르리,理運開かりて翔る,코파노 리키,릿키,,,,,중반의 후반,랜덤,,0.05,,,3,200,,,,2023년 12월 8일
1055,2,레어/상위,속도,,,승리할 기회,勝利の機運,,,,,,,중반의 후반,랜덤,,0.35,,,2.4,360,더트,,,2023년 12월 8일
1055,1,일반/하위,속도,,,밝을 징조,明るい兆し,,,,,,,중반의 후반,랜덤,,0.15,,,2.4,180,더트,,,2023년 12월 8일
110,2,고유,복합,,,α-star*,α-star*,스마트 팔콘(그랜드 라이브),황건적 팔코,,,,속회 복합기로 간주 (더트),40%구간,즉발,,0.25,,3.5,6,,,더트,,2023년 12월 13일
110,1,계승,복합,,,α-star*,α-star*,스마트 팔콘(그랜드 라이브),황건적 팔코,,,,속회 복합기로 간주 (더트),40%구간,즉발,,0.05,,0.5,3.6,200,,더트,,2023년 12월 13일
1008,2,레어/상위,속도,,,언스토퍼블,アンストッパブル,,,,,,,중반,랜덤,,0.35,,,2.4,360,선행,,,2023년 12월 13일
1008,1,일반/하위,속도,,,공격 자세,攻めの姿勢,,,,,,,중반,랜덤,,0.15,,,2.4,180,선행,,,2023년 12월 13일
1019,2,레어/상위,가속,,,노려라 센터!,目指せセンター！,,,,,,,종반,랜덤,,,0.4,,3,360,,더트,,2023년 12월 13일
1019,1,일반/하위,가속,,,기세충분,意気込み十分,,,,,,,종반,랜덤,,,0.2,,3,180,,더트,,2023년 12월 13일
1024,2,레어/상위,복합,,,너와 함께 이기고 싶어,キミと勝ちたい,,,,,,1.2배로 간주 (팬수 16만 이상),후반,랜덤,,0.42,0.24,,1.2,400,,,,2023년 12월 13일
1024,1,일반/하위,복합,,,꿈꾸는 도중,夢の途中,,,,,,1.2배로 간주 (팬수 16만 이상),후반,랜덤,,0.18,0.084,,1.2,200,,,,2023년 12월 13일
9,2,고유,속도,,,"꿈의 너머로, 전해져라!",夢の先へ、届け！,위닝 티켓(스팀펑크),스팀펑크 티켓,,,,0.35 속도기로 간주 (스킬 발동 2회),최종 직선,즉발,,0.35,,,6,,,,,2023년 12월 18일
9,1,계승,속도,,,"꿈의 너머로, 전해져라!",夢の先へ、届け！,위닝 티켓(스팀펑크),스팀펑크 티켓,,,,0.15 속도기로 간주 (스킬 발동 2회),최종 직선,즉발,,0.15,,,3.6,200,,,,2023년 12월 18일
90,2,고유,속도,,,Hephaistos,Hephaistos,나리타 타이신(스팀펑크),스팀펑크 타이신,,,,,최종 코너 후반,즉발,,0.35,,,5,,,,,2023년 12월 18일
90,1,계승,속도,,,Hephaistos,Hephaistos,나리타 타이신(스팀펑크),스팀펑크 타이신,,,,,최종 코너 후반,즉발,,0.15,,,3,200,,,,2023년 12월 18일
1057,2,레어/상위,속도,,,브레이크스루,ブレイクスルー,,,,,,,중반,랜덤,,0.35,,,2.4,360,추입,,,2023년 12월 18일
1057,1,일반/하위,속도,,,타개책,打開策,,,,,,,중반,랜덤,,0.15,,,2.4,180,추입,,,2023년 12월 18일
1089,2,레어/상위,복합,,,출력 1000%!,出力1000％！,,,,,,,중반의 전반,랜덤,,0.45,,-4,2.7,,도주,,,2023년 12월 18일
1089,1,일반/하위,복합,,,죽기살기로,しゃかりき,,,,,,,중반의 전반,랜덤,,0.25,,-4,2.7,,도주,,,2023년 12월 18일
1099,1,일반/하위,속도,,,내리막 달인,下り坂巧者,,,,,,,무작위 내리막,랜덤,,0.15,,,2.4,170,,,,2023년 12월 18일
11,2,고유,속도,,,"눈에 비친 빛, 뒤쫓아서",ゆきあかり、おいかけて,유키노 비진,유키노,,,,,300m,즉발,,0.35,,,5,,,,,2024년 1월 1일
11,1,계승,속도,,,"눈에 비친 빛, 뒤쫓아서",ゆきあかり、おいかけて,유키노 비진,유키노,,,,,300m,즉발,,0.15,,,3,200,,,,2024년 1월 1일
1,2,고유,속도,,,『I'm possible』,『I'm possible』,시킹 더 펄,시펄,,,,0.45 속도기로 간주 (선두와 2마신 이내),200m,즉발,,0.45,,,5,,,,,2024년 1월 9일
1,1,계승,속도,,,『I'm possible』,『I'm possible』,시킹 더 펄,시펄,,,,0.25 속도기로 간주 (선두와 2마신 이내),200m,즉발,,0.25,,,3,200,,,,2024년 1월 9일
1032,3,레어/상위,속도,,,자전일섬,紫電一閃,,,,,,,무작위 직선,랜덤,,0.35,,,3,360,,단거리,,2024년 1월 9일
1087,2,레어/상위,가속,,,전광석화,電光石火,,,,,,시뮬에선 종반 즉발 (추격 활성화),종반,즉발,,,0.4,,2,360,,단거리/마일,,2024년 1월 9일
1087,1,일반/하위,가속,,,한달음에,一足飛び,,,,,,시뮬에선 종반 즉발 (추격 활성화),종반,즉발,,,0.2,,2,180,,단거리/마일,,2024년 1월 9일
10,2,고유,속도,,,너무 고귀해서 되살아날 것 같아!,萌到讓我活過來了！,아그네스 디지털(할로윈),할지털,,,,시뮬에선 중반 코너 즉발 (인접 3명),중반 코너,즉발,,0.35,,,5,,,,,2024년 1월 18일
10,1,계승,속도,,,너무 고귀해서 되살아날 것 같아!,萌到讓我活過來了！,아그네스 디지털(할로윈),할지털,,,,시뮬에선 중반 코너 즉발 (인접 3명),중반 코너,즉발,,0.15,,,3,200,,,,2024년 1월 18일
106,2,고유,속도,,,Spooky-Scary-Happy,Spooky-Scary-Happy,메이쇼 도토(할로윈),할도토,,,,,최종 직선,즉발,,0.35,,,5,,,,,2024년 1월 18일
106,1,계승,속도,,,Spooky-Scary-Happy,Spooky-Scary-Happy,메이쇼 도토(할로윈),할도토,,,,,최종 직선,즉발,,0.15,,,3,200,,,,2024년 1월 18일
1014,2,레어/상위,속도,,,권토중래,捲土重来,,,,,,,중반,랜덤,,0.35,,,2.4,360,,더트,,2024년 1월 18일
1014,1,일반/하위,속도,,,만회하기,盛り返し,,,,,,,중반,랜덤,,0.15,,,2.4,180,,더트,,2024년 1월 18일
1050,1,일반/하위,속도,,,모래 목욕◯,砂浴び○,,,,,,시뮬에선 스타트 5초 후 즉발 (슬립스트림과 비슷한 조건),스타트 5초 후,즉발,,0.15,,,3,160,,더트,,2024년 1월 18일
1069,2,레어/상위,속도,,,좋은 곳에 들어갔어!,いいとこ入った！,,,,,,시뮬에선 중반 한정이기 때문에 2번 발동 안함,중반,랜덤,,0.35,,,3,320,,,,2024년 1월 18일
1072,1,일반/하위,속도,,,쏜살같이,まっしぐら,,,,,,,최종반,랜덤,,0.15,,,3,180,,더트,,2024년 1월 18일
105,2,고유,복합,,,silent letter,silent letter,애스턴 마짱,마짱,,,,시뮬에선 400m 즉발 (자신이 추격 대상 1초),400m,즉발,,0.25,0.3,,5,,,,,2024년 1월 30일
105,1,계승,복합,,,silent letter,silent letter,애스턴 마짱,마짱,,,,시뮬에선 400m 즉발 (자신이 추격 대상 1초),400m,즉발,,0.05,0.1,,3,200,,,,2024년 1월 30일
40,2,고유,가속,,,빛나는 바람,風光る,야마닌 제퍼,캬루,,,,0.2 가속기로 간주 (순위 2위),최종 코너 후반,즉발,,,0.2,,8,,,,,2024년 2월 7일
40,1,계승,가속,,,빛나는 바람,風光る,야마닌 제퍼,캬루,,,,0.07 가속기로 간주 (순위 2위),최종 코너 후반,즉발,,,0.07,,4.8,200,,,,2024년 2월 7일
1052,2,레어/상위,복합,,,무아몽중,無我夢中,,,,,,스태미나 감소하면서 스퍼트 위치 재계산 주의,스퍼트,즉발,,,0.4,,1.5,360,선입,장거리,,2024년 2월 7일
1052,1,일반/하위,복합,,,무작정,がむしゃら,,,,,,스태미나 감소하면서 스퍼트 위치 재계산 주의,스퍼트,즉발,,,0.2,,1.5,180,선입,장거리,,2024년 2월 7일
1097,2,레어/상위,속도,,,풍운의 뜻,風雲の志,,,,,,,60~66%구간,랜덤,,0.25,,,4,360,선행,,,2024년 2월 7일
1097,1,일반/하위,속도,,,향상심,向上心,,,,,,,60~66%구간,랜덤,,0.05,,,4,180,선행,,,2024년 2월 7일
16,2,고유,속도,,,등불,灯穂,이나리 원(축제),불나리,,,,0.385 속도기로 간주 (추월 횟수 3회),최종 직선,즉발,,0.385,,,5,,,,,2024년 2월 16일
16,1,계승,속도,,,등불,灯穂,이나리 원(축제),불나리,,,,0.1875 속도기로 간주하는듯? (추월 횟수 5회 이상),최종 직선,즉발,,0.1875,,,3,200,,,,2024년 2월 16일
32,2,고유,속도,,,불벼락,火神鳴,타마모 크로스(축제),축제 타마모,,,,0.3 속도기로 간주 (스킬 발동 2회). 중반 회복기 2개로 시뮬,중반 스킬 2회,특수,,0.3,,,6,,,,,2024년 2월 16일
32,1,계승,속도,,,불벼락,火神鳴,타마모 크로스(축제),축제 타마모,,,,0.1 속도기로 간주 (스킬 발동 2회). 중반 회복기 2개로 시뮬,중반 스킬 2회,특수,,0.1,,,3.6,200,,,,2024년 2월 16일
1016,1,일반/하위,가속,,,급부상,急浮上,,,,,,,종반,랜덤,,,0.2,,3,180,,더트,,2024년 2월 16일
1093,2,레어/상위,복합,,,쾌진격,快進撃,,,,,,,중반의 후반,랜덤,,0.25,0.3,,3,340,선행,중거리,,2024년 2월 16일
1093,1,일반/하위,복합,,,확실한 발걸음,確かな足取り,,,,,,,중반의 후반,랜덤,,0.05,0.1,,3,170,선행,중거리,,2024년 2월 16일
30,2,고유,속도,,,"벼랑 끄트머리에서, 광기를 비웃어라",剣ヶ峰より、狂気に嗤え,나카야마 페스타,나카야마,,,,0.45 속도기로 간주 (인기순위 4 이상),400m,즉발,,0.45,,,5,,,,,2024년 2월 28일
30,1,계승,속도,,,"벼랑 끄트머리에서, 광기를 비웃어라",剣ヶ峰より、狂気に嗤え,나카야마 페스타,나카야마,,,,0.25 속도기로 간주 (인기순위 4 이상),400m,즉발,,0.25,,,3,200,,,,2024년 2월 28일
,,일반/하위,녹딱,,,모험심,,,,,,,버그 : 발동률 60%로 간주 (인기순위 4이상). 실제론 30%,,랜덤,,,,,,,,,,2024년 2월 28일
,,레어/상위,녹딱,,,승부사,,,,,,,발동률 60%로 간주 (인기순위 4이상),,랜덤,,,,,,,,,,2024년 2월 28일
97,2,고유,속도,,,Never Say Never,Never Say Never,원더 어큐트,어큐트,,,,"속현 복합으로 간주 (선두와 2마신 이하, 더트) 버그 : 시뮬에선 더트에서만 발동",300m,즉발,0.25,0.25,,,5,,,더트,,2024년 3월 7일
97,1,계승,속도,,,Never Say Never,Never Say Never,원더 어큐트,어큐트,,,,"속현 복합으로 간주 (선두와 2마신 이하, 더트) 버그 : 시뮬에선 더트에서만 발동",300m,즉발,0.05,0.05,,,3,200,,더트,,2024년 3월 7일
1050,2,레어/상위,속도,,,우아한 모래 목욕,優雅な砂浴び,,,,,,시뮬에선 스타트 5초 후 즉발 (슬립스트림과 비슷한 조건),스타트 5초 후,즉발,,0.35,,,3,320,,더트,,2024년 3월 7일
1062,3,레어/상위,속도,,,예각일섬,鋭脚一閃,,,,,,,무작위 직선,랜덤,,0.35,,,3,420,선입,,,2024년 3월 7일
93,2,고유,복합,,,Into High Gear!,Into High Gear!,보드카(크리스마스),클드카,,,,속가 복합기로 간주 (도쿄 경기장),중반 이후 내리막 끝,즉발,,0.35,0.1,,5,,,,,2024년 3월 18일
93,1,계승,복합,,,Into High Gear!,Into High Gear!,보드카(크리스마스),클드카,,,,속가 복합기로 간주 (도쿄 경기장),중반 이후 내리막 끝,즉발,,0.15,0.05,,3,200,,,,2024년 3월 18일
101,2,고유,속도,,,Queen's Lumination,Queen's Lumination,다이와 스칼렛(크리스마스),클스카,,,,0.35 속도기로 간주 (선두 후방 1마신 이내),후반 직선,즉발,,0.35,,,6,,,,,2024년 3월 18일
101,1,계승,속도,,,Queen's Lumination,Queen's Lumination,다이와 스칼렛(크리스마스),클스카,,,,0.15 속도기로 간주 (선두 후방 1마신 이내),후반 직선,즉발,,0.15,,,3.6,200,,,,2024년 3월 18일
1011,1,일반/하위,가속,,,진가 발휘,本領発揮,,,,,,,종반,즉발,,,0.2,,1.2,180,선행,장거리,,2024년 3월 18일
1025,2,레어/상위,속도,,,밟을 수 없는 그림자,踏ませぬ影,,,,,,시뮬에선 최종 직선 즉발 (선두 후방 1마신 이내),최종 직선,즉발,,0.45,,,2.4,360,,도주,,2024년 3월 18일
1025,1,일반/하위,속도,,,끈질기게 버티기,粘り腰,,,,,,시뮬에선 최종 직선 즉발 (선두 후방 1마신 이내),최종 직선,즉발,,0.25,,,2.4,180,,도주,,2024년 3월 18일
1034,2,레어/상위,속도,,,맹추격,猛追,,,,,,시뮬에선 후반 즉발 (추격 활성화),후반,즉발,,0.35,,,2.4,360,선행/선입,,,2024년 3월 18일
1034,1,일반/하위,속도,,,달려들기,食らいつき,,,,,,시뮬에선 후반 즉발 (추격 활성화),후반,즉발,,0.15,,,2.4,180,선행/선입,,,2024년 3월 18일
1096,2,레어/상위,속도,,,톱 기어,トップギア,,,,,,,최종 직선,즉발,,0.45,,,2.4,360,선입,,,2024년 3월 18일
1096,1,일반/하위,속도,,,폭발하는 다리,キレる脚,,,,,,,최종 직선,즉발,,0.25,,,2.4,180,선입,,,2024년 3월 18일
15,2,고유,속도,,,"들어라, 내 영혼의 검을!",掲げよ、己が魂の剣を！,젠노 롭 로이,롭로이,,,,"0.45 속도기로 간주 (G1, 인기순위 3 이하)",400m,즉발,,0.45,,,5,,,,,2024년 4월 1일
15,1,계승,속도,,,"들어라, 내 영혼의 검을!",掲げよ、己が魂の剣を！,젠노 롭 로이,롭로이,,,,"0.25 속도기로 간주 (G1, 인기순위 3 이하)",400m,즉발,,0.25,,,3,200,,,,2024년 4월 1일
79,2,고유,속도,,,회색 임계점,灰色の臨界点,나리타 브라이언(Blaze),겜리브,,,,0.55 속도기로 간주 (장거리),종반 최종 코너 후반,즉발,,0.55,,,5,,,장거리,,2024년 4월 9일
79,1,계승,속도,,,회색 임계점,灰色の臨界点,나리타 브라이언(Blaze),겜리브,,,,0.15 속도기로 간주 (계승기에는 추가 효과 없음),종반 최종 코너 후반,즉발,,0.15,,,3,200,,장거리,,2024년 4월 9일
1011,2,레어/상위,가속,,,괴물,怪物,,,,,,,종반,즉발,,,0.4,,1.2,360,선행,장거리,,2024년 4월 9일
77,2,고유,복합,,,"현운을 흩뜨리는, 황금의 첫 화살",玄雲散らす、黄金甲矢,사토노 다이아몬드(신년),신년 다이아,,,,,40%구간,즉발,,0.35,,3.5,5,,,,,2024년 4월 18일
77,1,계승,복합,,,"현운을 흩뜨리는, 황금의 첫 화살",玄雲散らす、黄金甲矢,사토노 다이아몬드(신년),신년 다이아,,,,,40%구간,즉발,,0.15,,0.5,3,200,,,,2024년 4월 18일
81,2,고유,복합,,,훌륭한 진수성찬!,あっぱれ大盤振る舞い！,키타산 블랙(신년),떡타산,,,,,종반 코너,즉발,0.35,,0.1,,4,,,,,2024년 4월 18일
81,1,계승,복합,,,훌륭한 진수성찬!,あっぱれ大盤振る舞い！,키타산 블랙(신년),떡타산,,,,,종반 코너,즉발,0.15,,0.05,,2.4,200,,,,2024년 4월 18일
1026,2,레어/상위,가속,,,뛰어난 날카로움,抜群の切れ味,,,,,,,종반의 전반,랜덤,,,0.4,,1.2,360,추입,,,2024년 4월 18일
1026,1,일반/하위,가속,,,날카로움,切れ味,,,,,,,종반의 전반,랜덤,,,0.2,,1.2,180,추입,,,2024년 4월 18일
41,2,고유,가속,,,빛나라☆토마코마이,かがやけ☆とまこまい,홋코 타루마에,타루마에,,,,0.4 가속기로 간주 (여력이 남아있음),종반,즉발,,,0.4,,4,,,더트,,2024년 4월 30일
41,1,계승,가속,,,빛나라☆토마코마이,かがやけ☆とまこまい,홋코 타루마에,타루마에,,,,0.07 가속기로 간주 (계승기에는 추가 효과 없음),종반,즉발,,,0.07,,2.4,200,,더트,,2024년 4월 30일
54,2,고유,속도,,,올려 올려 푸쳐핸섭!,アゲてアゲてぷちょへんざ！,다이타쿠 헬리오스,헬리오스,,,,6초 지속으로 간주 (단거리/마일) 버그 : 시뮬에선 단거리/마일에서만 발동,중반의 후반,랜덤,,0.25,,,6,,,단거리/마일,,2024년 5월 10일
54,1,계승,속도,,,올려 올려 푸쳐핸섭!,アゲてアゲてぷちょへんざ！,다이타쿠 헬리오스,헬리오스,,,,3.6초 지속으로 간주 (단거리/마일) 버그 : 시뮬에선 단거리/마일에서만 발동,중반의 후반,랜덤,,0.05,,,3.6,200,,단거리/마일,,2024년 5월 10일
1044,2,레어/상위,속도,,,마구마구,遮二無二,,,,,,,중반의 후반,랜덤,,0.35,,,2.4,360,,마일,,2024년 5월 10일
1044,1,일반/하위,속도,,,무모함,向こう見ず,,,,,,,중반의 후반,랜덤,,0.15,,,2.4,180,,마일,,2024년 5월 10일
12,2,고유,복합,,,당신에게 바치는 프리 포,あなたに捧げるフリーポア,메지로 라이언(발렌타인),초코 라이언,,,,속가 복합기로 간주 (중거리) 버그 : 시뮬에선 중거리에서만 발동,60~66%구간 내리막,즉발,,0.35,0.1,,4,,,중거리,,2024년 5월 20일
12,1,계승,복합,,,당신에게 바치는 프리 포,あなたに捧げるフリーポア,메지로 라이언(발렌타인),초코 라이언,,,,속가 복합기로 간주 (중거리) 버그 : 시뮬에선 중거리에서만 발동,60~66%구간 내리막,즉발,,0.15,0.05,,2.4,200,,중거리,,2024년 5월 20일
72,2,고유,복합,,,프레시☆팔러,フレッシュ☆パーラー,아이네스 후진(발렌타인),초코후진,,,,,중반의 전반,랜덤,,0.25,,3.5,6,,,,,2024년 5월 20일
72,1,계승,복합,,,프레시☆팔러,フレッシュ☆パーラー,아이네스 후진(발렌타인),초코후진,,,,,중반의 전반,랜덤,,0.05,,0.5,3.6,200,,,,2024년 5월 20일
1037,3,레어/상위,속도,,,진풍원인,陣風円刃,,,,,,,무작위 코너,랜덤,,0.35,,,3,420,도주,,,2024년 5월 20일
1063,3,레어/상위,속도,,,예각원인,鋭脚円刃,,,,,,,무작위 코너,랜덤,,0.35,,,3,420,선입,,,2024년 5월 20일
1099,2,레어/상위,속도,,,지고의 다운힐러,至高のダウンヒラー,,,,,,,무작위 내리막,랜덤,,0.35,,,2.4,340,,,,2024년 5월 20일
83,2,고유,복합,,,Ding Dong Boo,Ding Dong Boo,신코 윈디,윈디,,,,속가 복합기로 간주 (더트) 시뮬에선 최종 직선 랜덤 (종반 근성 경쟁 1회),최종 직선,랜덤,,0.25,0.4,,5,,,더트,,2024년 6월 3일
83,1,계승,복합,,,Ding Dong Boo,Ding Dong Boo,신코 윈디,윈디,,,,속가 복합기로 간주 (더트) 시뮬에선 최종 직선 랜덤 (종반 근성 경쟁 1회),최종 직선,랜덤,,0.05,0.2,,3,200,,더트,,2024년 6월 3일
1072,2,레어/상위,속도,,,전속전진!,全速前進！,,,,,,,최종반,랜덤,,0.35,,,3,360,,더트,,2024년 6월 3일
1048,2,레어/상위,가속,,,만반의 준비,盤石の構え,,,,,,,초반,즉발,,,0.4,,3,280,,,,2024년 8월 16일
1016,2,레어/상위,가속,,,폭주 모드!,爆走モード！,,,,,,,종반,랜덤,,,0.4,,3,360,,더트,,9999년 9월 9일
1038,2,레어/상위,가속,,,재연소,再燃焼,,,,,,,중반,랜덤,,,0.4,,3,360,도주,,,9999년 9월 9일
1040,2,레어/상위,속도,,,명경지수,明鏡止水,,,,,,,중반의 전반 지구력 회복,특수,,0.35,,,1.8,300,,더트,,9999년 9월 9일
1040,1,일반/하위,속도,,,또렷한 생각,冴える思考,,,,,,,중반의 전반 지구력 회복,특수,,0.15,,,1.8,150,,더트,,9999년 9월 9일
1068,2,레어/상위,속도,,,스피드 그리드,スピードグリード,,,,,,,중반,랜덤,,0.25,,,3,320,,마일,,9999년 9월 9일
